"[""ALG3"", ""A1BG"", ""A2M"", ""A2ML1"", ""A3GALT2"", ""A4GALT"", ""AAAS"", ""AADAT"", ""AAGAB"", ""AAK1"", ""AAMP"", ""AANAT"", ""AARS2"", ""AASDHPPT"", ""AASS"", ""AATF"", ""ABAT"", ""ABCA6"", ""ABCA7"", ""ABCA8"", ""ABCB10"", ""ABCB7"", ""ABCB8"", ""ABCC1"", ""ABCC12"", ""ABCC5"", ""ABCC6"", ""ABCC8"", ""ABCC9"", ""ABCD2"", ""ABCD3"", ""ABCE1"", ""ABCF1"", ""ABCG1"", ""ABCG2"", ""ABCG4"", ""ABCG8"", ""ABHD10"", ""ABHD12"", ""ABHD14B"", ""ABHD16A"", ""ABHD16B"", ""ABHD17A"", ""ABHD2"", ""ABHD5"", ""ABI1"", ""ABI3"", ""ABL1"", ""ABL2"", ""ABLIM1"", ""ABLIM2"", ""ABLIM3"", ""ABR"", ""ABRAXAS2"", ""ACAA1"", ""ACAA2"", ""ACACA"", ""ACACB"", ""ACAD11"", ""ACAD9"", ""ACADM"", ""ACADSB"", ""ACADVL"", ""ACAP2"", ""ACAT1"", ""ACAT2"", ""ACBD3"", ""ACBD5"", ""ACCS"", ""ACD"", ""ACER2"", ""ACER3"", ""ACHE"", ""ACIN1"", ""ACKR2"", ""ACKR3"", ""ACKR4"", ""ACO1"", ""ACO2"", ""ACOT11"", ""ACOT13"", ""ACOT2"", ""ACOT4"", ""ACOT7"", ""ACOT8"", ""ACOX1"", ""ACOX2"", ""ACOX3"", ""ACP1"", ""ACP6"", ""ACR"", ""ACSBG1"", ""ACSF2"", ""ACSF3"", ""ACSL1"", ""ACSL3"", ""ACSL4"", ""ACSL6"", ""ACSM1"", ""ACSM2A""]"
"[""ACSS1"", ""ACSS2"", ""ACSS3"", ""ACTA1"", ""ACTA2"", ""ACTB"", ""ACTC1"", ""ACTL6A"", ""ACTL6B"", ""ACTN1"", ""ACTN2"", ""ACTN4"", ""ACTR1A"", ""ACTR1B"", ""ACTR3"", ""ACTR5"", ""ACTR6"", ""ACTR8"", ""ACVR1"", ""ACVR1C"", ""ACVR2A"", ""ACVR2B"", ""ACVRL1"", ""ADAM10"", ""ADAM15"", ""ADAM17"", ""ADAM19"", ""ADAM22"", ""ADAM28"", ""ADAM9"", ""ADAMTS1"", ""ADAMTS10"", ""ADAMTS13"", ""ADAMTS4"", ""ADAMTS5"", ""ADAMTS7"", ""ADAMTS9"", ""ADAMTSL3"", ""ADAMTSL5"", ""ADAP1"", ""ADAP2"", ""ADAR"", ""ADARB1"", ""ADCY1"", ""ADCY2"", ""ADCY3"", ""ADCY4"", ""ADCY5"", ""ADCY6"", ""ADCY7"", ""ADCY9"", ""ADCYAP1"", ""ADCYAP1R1"", ""ADD1"", ""ADD2"", ""ADD3"", ""ADGRA2"", ""ADGRB1"", ""ADGRB2"", ""ADGRB3"", ""ADGRF5"", ""ADGRG1"", ""ADGRG6"", ""ADGRL3"", ""ADGRV1"", ""ADH1C"", ""ADH5"", ""ADHFE1"", ""ADI1"", ""ADIPOR1"", ""ADIPOR2"", ""ADIRF"", ""ADK"", ""ADM"", ""ADNP"", ""ADO"", ""ADORA1"", ""ADPGK"", ""ADRA1A"", ""ADRA1B"", ""ADRA2A"", ""ADRA2C"", ""ADRB1"", ""ADRM1"", ""ADSL"", ""ADTRP"", ""AEBP1"", ""AEBP2"", ""AFAP1"", ""AFAP1L2"", ""AFDN"", ""AFF1"", ""AFF2"", ""AFF3"", ""AFF4"", ""AFG1L"", ""AFG3L2"", ""AFTPH"", ""AGAP1"", ""AGAP2""]"
"[""AGBL2"", ""AGBL3"", ""AGBL4"", ""AGBL5"", ""AGER"", ""AGFG1"", ""AGGF1"", ""AGK"", ""AGL"", ""AGMAT"", ""AGO1"", ""AGO2"", ""AGO3"", ""AGO4"", ""AGPAT1"", ""AGPAT3"", ""AGPAT5"", ""AGPS"", ""AGT"", ""AGTPBP1"", ""AGTRAP"", ""AGXT"", ""AHCTF1"", ""AHCY"", ""AHCYL1"", ""AHDC1"", ""AHI1"", ""AHNAK2"", ""AHR"", ""AHSA1"", ""AHSG"", ""AIDA"", ""AIF1"", ""AIF1L"", ""AIFM1"", ""AIFM2"", ""AIFM3"", ""AIG1"", ""AIM2"", ""AIMP1"", ""AIMP2"", ""AIP"", ""AIRE"", ""AJAP1"", ""AK1"", ""AK3"", ""AK4"", ""AK5"", ""AK6"", ""AK8"", ""AK9"", ""AKAIN1"", ""AKAP1"", ""AKAP10"", ""AKAP11"", ""AKAP12"", ""AKAP13"", ""AKAP17A"", ""AKAP5"", ""AKAP6"", ""AKAP7"", ""AKAP8"", ""AKAP8L"", ""AKAP9"", ""AKIP1"", ""AKIRIN1"", ""AKIRIN2"", ""AKR1A1"", ""AKR1B1"", ""AKR1C1"", ""AKR1C3"", ""AKR1C4"", ""AKR1E2"", ""AKR7A2"", ""AKR7A3"", ""AKT1S1"", ""AKT2"", ""AKT3"", ""ALAD"", ""ALAS1"", ""ALAS2"", ""ALB"", ""ALCAM"", ""ALDH18A1"", ""ALDH1A1"", ""ALDH1A3"", ""ALDH1B1"", ""ALDH1L1"", ""ALDH1L2"", ""ALDH2"", ""ALDH3A2"", ""ALDH3B1"", ""ALDH4A1"", ""ALDH5A1"", ""ALDH6A1"", ""ALDH7A1"", ""ALDH8A1"", ""ALDH9A1"", ""ALDOA"", ""ALDOC""]"
"[""ALG1"", ""ALG10B"", ""ALG12"", ""ALG2"", ""ALG6"", ""ALK"", ""ALKAL1"", ""ALKAL2"", ""ALKBH1"", ""ALKBH2"", ""ALKBH3"", ""ALKBH4"", ""ALKBH5"", ""ALKBH6"", ""ALKBH7"", ""ALKBH8"", ""ALMS1"", ""ALOX12B"", ""ALOX15B"", ""ALOX5"", ""ALOX5AP"", ""ALOXE3"", ""ALPK1"", ""ALPL"", ""ALPP"", ""ALS2"", ""ALX3"", ""ALYREF"", ""AMACR"", ""AMDHD2"", ""AMER1"", ""AMER2"", ""AMH"", ""AMMECR1"", ""AMN"", ""AMOT"", ""AMOTL1"", ""AMPD2"", ""AMPH"", ""AMT"", ""AMY2A"", ""ANG"", ""ANGEL1"", ""ANGEL2"", ""ANGPT1"", ""ANGPT2"", ""ANGPT4"", ""ANGPTL4"", ""ANK1"", ""ANKH"", ""ANKK1"", ""ANKLE2"", ""ANKRD10"", ""ANKRD11"", ""ANKRD12"", ""ANKRD13A"", ""ANKRD13B"", ""ANKRD13C"", ""ANKRD13D"", ""ANKRD17"", ""ANKRD2"", ""ANKRD23"", ""ANKRD26"", ""ANKRD37"", ""ANKRD45"", ""ANKRD49"", ""ANKRD53"", ""ANKRD6"", ""ANKS1A"", ""ANKS1B"", ""ANKZF1"", ""ANLN"", ""ANO10"", ""ANO2"", ""ANO3"", ""ANO4"", ""ANO5"", ""ANO6"", ""ANO7"", ""ANO8"", ""ANP32A"", ""ANP32B"", ""ANP32E"", ""ANTXR1"", ""ANXA1"", ""ANXA3"", ""ANXA4"", ""ANXA5"", ""ANXA7"", ""AOAH"", ""AOC3"", ""AP1AR"", ""AP1G2"", ""AP3S1"", ""AP4B1"", ""AP4E1"", ""AP4S1"", ""AP5Z1"", ""APAF1"", ""APBA1""]"
"[""APBA3"", ""APBB1IP"", ""APBB2"", ""APBB3"", ""APC2"", ""APCDD1"", ""APCS"", ""APEH"", ""APEX1"", ""APEX2"", ""APH1A"", ""APH1B"", ""API5"", ""APIP"", ""APLN"", ""APLNR"", ""APLP1"", ""APLP2"", ""APMAP"", ""APOA1"", ""APOC1"", ""APOD"", ""APOE"", ""APOL1"", ""APOL4"", ""APOM"", ""APOO"", ""APOOL"", ""APPL1"", ""APPL2"", ""APRT"", ""APTX"", ""AQP1"", ""AQP11"", ""AQP2"", ""AQP4"", ""AQP5"", ""AQP6"", ""AQP7"", ""AQR"", ""AR"", ""ARAF"", ""ARAP1"", ""ARAP2"", ""ARAP3"", ""ARC"", ""ARF1"", ""ARF4"", ""ARF6"", ""ARFGAP1"", ""ARFGAP2"", ""ARFGAP3"", ""ARFGEF1"", ""ARFGEF2"", ""ARFIP1"", ""ARFIP2"", ""ARFRP1"", ""ARG2"", ""ARGLU1"", ""ARHGAP1"", ""ARHGAP12"", ""ARHGAP17"", ""ARHGAP18"", ""ARHGAP19"", ""ARHGAP21"", ""ARHGAP22"", ""ARHGAP25"", ""ARHGAP26"", ""ARHGAP28"", ""ARHGAP29"", ""ARHGAP32"", ""ARHGAP33"", ""ARHGAP35"", ""ARHGAP39"", ""ARHGAP4"", ""ARHGAP42"", ""ARHGAP44"", ""ARHGAP5"", ""ARHGAP6"", ""ARHGAP9"", ""ARHGDIB"", ""ARHGDIG"", ""ARHGEF1"", ""ARHGEF10"", ""ARHGEF10L"", ""ARHGEF11"", ""ARHGEF12"", ""ARHGEF15"", ""ARHGEF16"", ""ARHGEF17"", ""ARHGEF18"", ""ARHGEF18"", ""ARHGEF2"", ""ARHGEF40"", ""ARHGEF7"", ""ARHGEF9"", ""ARID1A"", ""ARID1B"", ""ARID2"", ""ARID3A""]"
"[""ARID3B"", ""ARID4A"", ""ARID4B"", ""ARID5A"", ""ARID5B"", ""ARL1"", ""ARL13B"", ""ARL14EP"", ""ARL16"", ""ARL2"", ""ARL2BP"", ""ARL3"", ""ARL4A"", ""ARL4C"", ""ARL4D"", ""ARL6"", ""ARL6IP1"", ""ARL6IP5"", ""ARMC1"", ""ARMC10"", ""ARMC5"", ""ARMC6"", ""ARMC9"", ""ARMT1"", ""ARNT"", ""ARNT2"", ""ARPC1B"", ""ARPC2"", ""ARPC3"", ""ARPC4"", ""ARPC5"", ""ARPIN"", ""ARPP19"", ""ARRDC2"", ""ARSF"", ""ARSJ"", ""ARV1"", ""ARVCF"", ""ARX"", ""ASAH2"", ""ASAP1"", ""ASAP2"", ""ASAP3"", ""ASB10"", ""ASCC1"", ""ASCC2"", ""ASCC3"", ""ASCL1"", ""ASCL2"", ""ASF1A"", ""ASGR2"", ""ASH1L"", ""ASH2L"", ""ASIC1"", ""ASIP"", ""ASL"", ""ASMTL"", ""ASPA"", ""ASPH"", ""ASPRV1"", ""ASPSCR1"", ""ASRGL1"", ""ASS1"", ""ASTN2"", ""ASXL1"", ""ASXL2"", ""ASXL3"", ""ATAD1"", ""ATAD2"", ""ATAD2B"", ""ATAD3A"", ""ATAD3B"", ""ATAD3C"", ""ATAD5"", ""ATAT1"", ""ATCAY"", ""ATE1"", ""ATF1"", ""ATF2"", ""ATF3"", ""ATF4"", ""ATF5"", ""ATF6"", ""ATF6B"", ""ATF7"", ""ATF7IP"", ""ATG101"", ""ATG12"", ""ATG13"", ""ATG16L2"", ""ATG2A"", ""ATG2B"", ""ATG4A"", ""ATG4B"", ""ATG4C"", ""ATG4D"", ""ATG9A"", ""ATIC"", ""ATL1"", ""ATL2""]"
"[""ATL3"", ""ATM"", ""ATMIN"", ""ATN1"", ""ATOH7"", ""ATOH8"", ""ATOX1"", ""ATP10A"", ""ATP10D"", ""ATP13A1"", ""ATP13A3"", ""ATP1A1"", ""ATP1A2"", ""ATP1A3"", ""ATP1A4"", ""ATP1B1"", ""ATP1B2"", ""ATP1B3"", ""ATP23"", ""ATP2A2"", ""ATP2B1"", ""ATP2B2"", ""ATP2B3"", ""ATP2B4"", ""ATP2C1"", ""ATP2C2"", ""ATP5F1A"", ""ATP5F1B"", ""ATP5F1C"", ""ATP5F1D"", ""ATP5IF1"", ""ATP5MC1"", ""ATP5ME"", ""ATP5MF"", ""ATP5MG"", ""ATP5PB"", ""ATP5PD"", ""ATP5PF"", ""ATP5PO"", ""ATP7A"", ""ATP7B"", ""ATP8A2"", ""ATP8B1"", ""ATP8B2"", ""ATP9A"", ""ATP9B"", ""ATPAF2"", ""ATR"", ""ATRIP"", ""ATRN"", ""ATRX"", ""ATXN1"", ""ATXN10"", ""ATXN1L"", ""ATXN2"", ""ATXN2L"", ""ATXN7"", ""ATXN7L3"", ""ATXN7L3B"", ""AUH"", ""AUNIP"", ""AURKAIP1"", ""AURKB"", ""AURKC"", ""AUTS2"", ""AVEN"", ""AVIL"", ""AVL9"", ""AVP"", ""AVPR2"", ""AXL"", ""AZGP1"", ""AZIN1"", ""AZIN2"", ""B3GALNT2"", ""B3GALT1"", ""B3GALT2"", ""B3GALT4"", ""B3GALT6"", ""B3GAT1"", ""B3GAT3"", ""B3GNT2"", ""B3GNT4"", ""B3GNT5"", ""B3GNT6"", ""B3GNT7"", ""B3GNT8"", ""B4GALNT1"", ""B4GALNT4"", ""B4GALT2"", ""B4GALT3"", ""B4GALT4"", ""B4GALT6"", ""B4GALT7"", ""B4GAT1"", ""B9D1"", ""B9D2"", ""BAALC"", ""BAAT"", ""BABAM1""]"
"[""BACE2"", ""BACH1"", ""BACH2"", ""BAD"", ""BAG3"", ""BAHD1"", ""BAIAP2"", ""BAIAP2L2"", ""BAIAP3"", ""BAK1"", ""BAMBI"", ""BANF1"", ""BANP"", ""BAP1"", ""BASP1"", ""BATF3"", ""BAX"", ""BAZ1A"", ""BAZ1B"", ""BAZ2A"", ""BAZ2B"", ""BBIP1"", ""BBOX1"", ""BBS1"", ""BBS2"", ""BBS4"", ""BBS5"", ""BBS7"", ""BBS9"", ""BBX"", ""BCAM"", ""BCAP31"", ""BCAR1"", ""BCAS2"", ""BCAS3"", ""BCAT2"", ""BCCIP"", ""BCDIN3D"", ""BCHE"", ""BCKDHA"", ""BCKDHB"", ""BCKDK"", ""BCL11A"", ""BCL11B"", ""BCL2A1"", ""BCL2L1"", ""BCL2L10"", ""BCL2L11"", ""BCL2L12"", ""BCL2L13"", ""BCL2L2"", ""BCL3"", ""BCL6"", ""BCL6B"", ""BCL7A"", ""BCL7B"", ""BCL7C"", ""BCL9"", ""BCL9L"", ""BCLAF1"", ""BCO2"", ""BCORL1"", ""BCR"", ""BCS1L"", ""BDH1"", ""BDH2"", ""BDKRB2"", ""BDNF"", ""BDP1"", ""BEND3"", ""BEND5"", ""BEST1"", ""BET1L"", ""BEX1"", ""BEX2"", ""BEX3"", ""BEX4"", ""BHLHE22"", ""BHLHE23"", ""BHLHE40"", ""BHLHE41"", ""BHMT2"", ""BICC1"", ""BICD1"", ""BICD2"", ""BICRA"", ""BICRAL"", ""BIRC6"", ""BLCAP"", ""BLM"", ""BLMH"", ""BLNK"", ""BLVRA"", ""BLVRB"", ""BMF"", ""BMP1"", ""BMP10"", ""BMP2"", ""BMP2K"", ""BMP6""]"
"[""BMP7"", ""BMPER"", ""BMPR1A"", ""BMPR1B"", ""BMPR2"", ""BMS1"", ""BMT2"", ""BNIP1"", ""BNIP2"", ""BNIP3"", ""BNIP3L"", ""BNIPL"", ""BOD1"", ""BOD1L1"", ""BOLA1"", ""BOLA3"", ""BOP1"", ""BPHL"", ""BPTF"", ""BRAF"", ""BRAT1"", ""BRD1"", ""BRD2"", ""BRD3"", ""BRD4"", ""BRD7"", ""BRD8"", ""BRD9"", ""BRF2"", ""BRI3BP"", ""BRINP1"", ""BRIX1"", ""BRK1"", ""BRMS1"", ""BROX"", ""BRPF1"", ""BRPF3"", ""BRSK1"", ""BRSK2"", ""BRWD1"", ""BSCL2"", ""BSG"", ""BTAF1"", ""BTBD1"", ""BTBD10"", ""BTBD2"", ""BTBD8"", ""BTC"", ""BTF3"", ""BTG1"", ""BTG2"", ""BTG3"", ""BTN3A1"", ""BTN3A2"", ""BTN3A3"", ""BUB3"", ""BUD13"", ""BUD23"", ""BUD31"", ""BVES"", ""BYSL"", ""BZW1"", ""BZW2"", ""C11orf24"", ""C11orf54"", ""C12orf57"", ""C14orf119"", ""C15orf39"", ""C16orf89"", ""C17orf75"", ""C19orf12"", ""C19orf47"", ""C1D"", ""C1GALT1"", ""C1orf115"", ""C1orf131"", ""C1orf174"", ""C1orf198"", ""C1orf43"", ""C1orf52"", ""C1QA"", ""C1QB"", ""C1QBP"", ""C1QC"", ""C1QTNF3"", ""C1QTNF4"", ""C1R"", ""C1S"", ""C2CD2L"", ""C2CD3"", ""C2CD4A"", ""C2CD4B"", ""C2CD5"", ""C2CD6"", ""C2orf42"", ""C2orf49"", ""C2orf69"", ""C3orf33"", ""C3orf38"", ""C4BPB""]"
"[""C5"", ""C5AR2"", ""C6orf89"", ""C7"", ""C9orf78"", ""CA2"", ""CA4"", ""CA5A"", ""CA5B"", ""CAB39"", ""CABIN1"", ""CABLES1"", ""CABP1"", ""CABP2"", ""CABP4"", ""CABP5"", ""CABP7"", ""CABYR"", ""CACNA1A"", ""CACNA1B"", ""CACNA1C"", ""CACNA1D"", ""CACNA1E"", ""CACNA1F"", ""CACNA1G"", ""CACNA1H"", ""CACNA2D1"", ""CACNB2"", ""CACNB3"", ""CACNB4"", ""CACNG6"", ""CACTIN"", ""CAD"", ""CADM1"", ""CADM4"", ""CADPS2"", ""CALB1"", ""CALB2"", ""CALCA"", ""CALCOCO1"", ""CALCOCO2"", ""CALD1"", ""CALHM1"", ""CALHM2"", ""CALM1"", ""CALM2"", ""CALM3"", ""CALN1"", ""CALU"", ""CALY"", ""CAMK1"", ""CAMK1D"", ""CAMK2A"", ""CAMK2B"", ""CAMK2D"", ""CAMK2G"", ""CAMK4"", ""CAMKK2"", ""CAMKMT"", ""CAMSAP1"", ""CAMSAP2"", ""CAMSAP3"", ""CAMTA1"", ""CAMTA2"", ""CAND2"", ""CANT1"", ""CANX"", ""CAPG"", ""CAPN10"", ""CAPN3"", ""CAPN5"", ""CAPN7"", ""CAPNS1"", ""CAPNS2"", ""CAPRIN1"", ""CAPRIN2"", ""CAPS"", ""CAPZA1"", ""CAPZB"", ""CARD10"", ""CARD14"", ""CARD16"", ""CARD19"", ""CARD8"", ""CARD9"", ""CARF"", ""CARHSP1"", ""CARM1"", ""CARMIL1"", ""CARMIL2"", ""CARMIL3"", ""CARNMT1"", ""CARNS1"", ""CARTPT"", ""CASC2"", ""CASD1"", ""CASK"", ""CASP1"", ""CASP2"", ""CASP3""]"
"[""CASP4"", ""CASP5"", ""CASP6"", ""CASP7"", ""CASP8AP2"", ""CASP9"", ""CASQ1"", ""CAST"", ""CASTOR1"", ""CASTOR2"", ""CASZ1"", ""CAT"", ""CATSPERE"", ""CAV1"", ""CAV2"", ""CAVIN1"", ""CAVIN2"", ""CAVIN3"", ""CAVIN4"", ""CBFA2T2"", ""CBFA2T3"", ""CBR1"", ""CBR3"", ""CBR4"", ""CBX1"", ""CBX3"", ""CBX5"", ""CBY1"", ""CC2D1A"", ""CC2D1B"", ""CCAR2"", ""CCBE1"", ""CCDC102B"", ""CCDC103"", ""CCDC106"", ""CCDC110"", ""CCDC112"", ""CCDC113"", ""CCDC117"", ""CCDC120"", ""CCDC124"", ""CCDC125"", ""CCDC134"", ""CCDC137"", ""CCDC14"", ""CCDC146"", ""CCDC15"", ""CCDC170"", ""CCDC174"", ""CCDC184"", ""CCDC22"", ""CCDC25"", ""CCDC28B"", ""CCDC3"", ""CCDC32"", ""CCDC34"", ""CCDC39"", ""CCDC40"", ""CCDC43"", ""CCDC47"", ""CCDC51"", ""CCDC57"", ""CCDC6"", ""CCDC61"", ""CCDC65"", ""CCDC66"", ""CCDC68"", ""CCDC69"", ""CCDC70"", ""CCDC77"", ""CCDC78"", ""CCDC8"", ""CCDC85A"", ""CCDC85B"", ""CCDC85C"", ""CCDC86"", ""CCDC88A"", ""CCDC88B"", ""CCDC88C"", ""CCDC9"", ""CCDC90B"", ""CCDC92"", ""CCDC93"", ""CCHCR1"", ""CCKBR"", ""CCL19"", ""CCL2"", ""CCL21"", ""CCL24"", ""CCL25"", ""CCL28"", ""CCM2"", ""CCNA1"", ""CCNB3"", ""CCNC"", ""CCND1"", ""CCND2"", ""CCND3"", ""CCNDBP1"", ""CCNE1""]"
"[""CCNH"", ""CCNK"", ""CCNL1"", ""CCNL2"", ""CCNO"", ""CCNQ"", ""CCNT1"", ""CCNT2"", ""CCNY"", ""CCP110"", ""CCR1"", ""CCR10"", ""CCR3"", ""CCR5"", ""CCR7"", ""CCR9"", ""CCS"", ""CCSAP"", ""CCT3"", ""CCT4"", ""CCT5"", ""CCT6A"", ""CCT6B"", ""CCT7"", ""CD109"", ""CD14"", ""CD151"", ""CD163"", ""CD19"", ""CD2"", ""CD200"", ""CD209"", ""CD22"", ""CD226"", ""CD24"", ""CD247"", ""CD27"", ""CD274"", ""CD276"", ""CD2AP"", ""CD2BP2"", ""CD320"", ""CD33"", ""CD37"", ""CD38"", ""CD3D"", ""CD3E"", ""CD4"", ""CD44"", ""CD46"", ""CD47"", ""CD52"", ""CD53"", ""CD55"", ""CD58"", ""CD59"", ""CD6"", ""CD79A"", ""CD82"", ""CD84"", ""CD86"", ""CD8A"", ""CD8B"", ""CD9"", ""CDA"", ""CDADC1"", ""CDAN1"", ""CDC123"", ""CDC14A"", ""CDC25B"", ""CDC34"", ""CDC37"", ""CDC37L1"", ""CDC40"", ""CDC42BPA"", ""CDC42BPB"", ""CDC42EP1"", ""CDC42EP2"", ""CDC42EP3"", ""CDC42EP4"", ""CDC42EP5"", ""CDC42SE1"", ""CDC42SE2"", ""CDC5L"", ""CDC6"", ""CDC7"", ""CDC73"", ""CDCA3"", ""CDCA5"", ""CDCA7L"", ""CDCA8"", ""CDH1"", ""CDH13"", ""CDH2"", ""CDH24"", ""CDH26"", ""CDH3"", ""CDH4"", ""CDH6"", ""CDH8""]"
"[""CDHR2"", ""CDHR3"", ""CDIPT"", ""CDK10"", ""CDK11A"", ""CDK11B"", ""CDK12"", ""CDK13"", ""CDK14"", ""CDK15"", ""CDK16"", ""CDK19"", ""CDK20"", ""CDK2AP1"", ""CDK2AP2"", ""CDK4"", ""CDK5"", ""CDK5R1"", ""CDK5RAP1"", ""CDK5RAP2"", ""CDK6"", ""CDK7"", ""CDK8"", ""CDK9"", ""CDKL1"", ""CDKL2"", ""CDKL5"", ""CDKN1C"", ""CDKN2A"", ""CDKN2AIP"", ""CDKN2C"", ""CDKN2D"", ""CDKN3"", ""CDO1"", ""CDS1"", ""CDS2"", ""CDSN"", ""CDT1"", ""CDV3"", ""CDYL"", ""CEACAM1"", ""CEBPA"", ""CEBPD"", ""CEBPE"", ""CEBPG"", ""CEBPZ"", ""CECR2"", ""CELF1"", ""CELF2"", ""CELF3"", ""CELF4"", ""CELF5"", ""CELF6"", ""CEMIP"", ""CEND1"", ""CENPB"", ""CENPC"", ""CENPF"", ""CENPJ"", ""CENPN"", ""CENPO"", ""CENPP"", ""CENPQ"", ""CENPS"", ""CENPT"", ""CENPU"", ""CENPV"", ""CENPW"", ""CENPX"", ""CEP104"", ""CEP112"", ""CEP120"", ""CEP126"", ""CEP128"", ""CEP131"", ""CEP135"", ""CEP152"", ""CEP162"", ""CEP164"", ""CEP170"", ""CEP19"", ""CEP192"", ""CEP250"", ""CEP290"", ""CEP295"", ""CEP350"", ""CEP41"", ""CEP44"", ""CEP57"", ""CEP68"", ""CEP70"", ""CEP72"", ""CEP76"", ""CEP78"", ""CEP83"", ""CEP85"", ""CEP85L"", ""CEP89"", ""CEP95"", ""CEP97""]"
"[""CERCAM"", ""CERK"", ""CERS1"", ""CERS2"", ""CERS4"", ""CERS5"", ""CERS6"", ""CES1"", ""CES2"", ""CETN2"", ""CETN3"", ""CFAP161"", ""CFAP20"", ""CFAP36"", ""CFAP44"", ""CFAP52"", ""CFAP53"", ""CFAP65"", ""CFAP69"", ""CFAP70"", ""CFH"", ""CFL1"", ""CFL2"", ""CFLAR"", ""CFP"", ""CGAS"", ""CGGBP1"", ""CGN"", ""CGNL1"", ""CGRRF1"", ""CH25H"", ""CHAC1"", ""CHAC2"", ""CHADL"", ""CHAF1A"", ""CHAF1B"", ""CHAMP1"", ""CHCHD1"", ""CHCHD10"", ""CHCHD2"", ""CHCHD3"", ""CHCHD4"", ""CHCHD6"", ""CHD1"", ""CHD1L"", ""CHD3"", ""CHD4"", ""CHD5"", ""CHD6"", ""CHD7"", ""CHD8"", ""CHD9"", ""CHERP"", ""CHI3L1"", ""CHIC2"", ""CHKA"", ""CHM"", ""CHML"", ""CHN2"", ""CHODL"", ""CHP1"", ""CHP2"", ""CHPF"", ""CHPT1"", ""CHRAC1"", ""CHRD"", ""CHRM2"", ""CHRM3"", ""CHRNA2"", ""CHRNA3"", ""CHRNA4"", ""CHRNA7"", ""CHRNB1"", ""CHRNB2"", ""CHST1"", ""CHST10"", ""CHST11"", ""CHST12"", ""CHST13"", ""CHST14"", ""CHST15"", ""CHST2"", ""CHST3"", ""CHST4"", ""CHST5"", ""CHST6"", ""CHST7"", ""CHST8"", ""CHST9"", ""CHSY1"", ""CHTF18"", ""CHTF8"", ""CHTOP"", ""CHUK"", ""CIAO1"", ""CIAPIN1"", ""CIB1"", ""CIB2"", ""CIB3"", ""CIC""]"
"[""CIDEA"", ""CIDEB"", ""CIDEC"", ""CILP"", ""CILP2"", ""CINP"", ""CIP2A"", ""CIPC"", ""CIR1"", ""CIRBP"", ""CISD1"", ""CISD2"", ""CISD3"", ""CIT"", ""CITED1"", ""CITED2"", ""CIZ1"", ""CKAP2"", ""CKAP5"", ""CLASP1"", ""CLASP2"", ""CLASRP"", ""CLCC1"", ""CLCN1"", ""CLCN2"", ""CLDN10"", ""CLDN11"", ""CLDN12"", ""CLDN19"", ""CLDN3"", ""CLDN4"", ""CLDN5"", ""CLDN9"", ""CLEC11A"", ""CLEC14A"", ""CLEC2D"", ""CLEC3B"", ""CLEC4A"", ""CLEC4G"", ""CLEC4M"", ""CLEC9A"", ""CLGN"", ""CLIC1"", ""CLIC2"", ""CLIC3"", ""CLIC4"", ""CLIC5"", ""CLINT1"", ""CLIP1"", ""CLIP3"", ""CLIP4"", ""CLK1"", ""CLK2"", ""CLK3"", ""CLMP"", ""CLNS1A"", ""CLOCK"", ""CLP1"", ""CLPB"", ""CLPP"", ""CLPTM1L"", ""CLPX"", ""CLSTN1"", ""CLSTN3"", ""CLTB"", ""CLTCL1"", ""CLUAP1"", ""CLUH"", ""CLYBL"", ""CMAHP"", ""CMC1"", ""CMC2"", ""CMC4"", ""CMIP"", ""CMKLR1"", ""CMPK1"", ""CMPK2"", ""CMTM3"", ""CMTM8"", ""CMTR1"", ""CMTR2"", ""CNBP"", ""CNDP1"", ""CNDP2"", ""CNEP1R1"", ""CNFN"", ""CNGB1"", ""CNIH2"", ""CNIH3"", ""CNIH4"", ""CNKSR2"", ""CNMD"", ""CNN1"", ""CNN2"", ""CNN3"", ""CNNM4"", ""CNOT1"", ""CNOT10"", ""CNOT11"", ""CNOT2""]"
"[""CNOT3"", ""CNOT4"", ""CNOT6"", ""CNOT6L"", ""CNOT7"", ""CNOT8"", ""CNOT9"", ""CNP"", ""CNR1"", ""CNR2"", ""CNRIP1"", ""CNST"", ""CNTFR"", ""CNTLN"", ""CNTN2"", ""CNTNAP2"", ""CNTRL"", ""CNTROB"", ""COA1"", ""COA3"", ""COA4"", ""COA6"", ""COA7"", ""COASY"", ""COCH"", ""COG1"", ""COG2"", ""COG3"", ""COG4"", ""COG5"", ""COG6"", ""COG7"", ""COG8"", ""COIL"", ""COL11A1"", ""COL11A2"", ""COL13A1"", ""COL16A1"", ""COL1A2"", ""COL21A1"", ""COL25A1"", ""COL4A1"", ""COL4A2"", ""COL4A4"", ""COL5A1"", ""COL5A2"", ""COL6A2"", ""COL6A3"", ""COL6A6"", ""COL9A1"", ""COL9A2"", ""COL9A3"", ""COLCA1"", ""COLEC11"", ""COLEC12"", ""COLGALT1"", ""COLQ"", ""COMMD10"", ""COMMD4"", ""COMMD5"", ""COMMD6"", ""COMMD7"", ""COMMD8"", ""COMMD9"", ""COMP"", ""COMT"", ""COPA"", ""COPB1"", ""COPB2"", ""COPE"", ""COPG1"", ""COPG2"", ""COPRS"", ""COPS2"", ""COPS3"", ""COPS4"", ""COPS5"", ""COPS6"", ""COPS7A"", ""COPS7B"", ""COPS8"", ""COPS9"", ""COPZ1"", ""COPZ2"", ""COQ2"", ""COQ3"", ""COQ4"", ""COQ5"", ""COQ6"", ""COQ7"", ""COQ8A"", ""COQ8B"", ""COQ9"", ""CORO1B"", ""CORO1C"", ""CORO2A"", ""CORO2B"", ""CORO7"", ""CORT"", ""COTL1""]"
"[""COX10"", ""COX11"", ""COX14"", ""COX15"", ""COX17"", ""COX18"", ""COX19"", ""COX20"", ""COX4I1"", ""COX4I2"", ""COX5A"", ""COX5B"", ""COX6A1"", ""COX6B1"", ""COX6B2"", ""COX6C"", ""COX7A2"", ""COX7A2L"", ""COX7B"", ""COX7C"", ""COX8A"", ""COX8C"", ""CPE"", ""CPEB1"", ""CPEB2"", ""CPEB3"", ""CPEB4"", ""CPNE5"", ""CPNE6"", ""CPNE7"", ""CPNE9"", ""CPOX"", ""CPSF1"", ""CPSF2"", ""CPSF3"", ""CPSF4"", ""CPSF6"", ""CPSF7"", ""CPT1A"", ""CPT2"", ""CPTP"", ""CR2"", ""CRABP2"", ""CRADD"", ""CRAT"", ""CRB1"", ""CRB2"", ""CRB3"", ""CRCP"", ""CREB1"", ""CREB3"", ""CREB3L1"", ""CREB3L2"", ""CREB3L3"", ""CREB3L4"", ""CREB5"", ""CREBBP"", ""CREBRF"", ""CREBZF"", ""CREM"", ""CRH"", ""CRIM1"", ""CRIP1"", ""CRIPT"", ""CRKL"", ""CRLF1"", ""CRLF2"", ""CRLF3"", ""CRLS1"", ""CRMP1"", ""CRNKL1"", ""CROCC"", ""CROT"", ""CRTAP"", ""CRTC1"", ""CRTC2"", ""CRTC3"", ""CRY1"", ""CRY2"", ""CRYBG3"", ""CRYGD"", ""CRYL1"", ""CRYM"", ""CRYZ"", ""CS"", ""CSAG1"", ""CSDE1"", ""CSE1L"", ""CSF1"", ""CSF1R"", ""CSF2RA"", ""CSGALNACT1"", ""CSGALNACT2"", ""CSH1"", ""CSK"", ""CSKMT"", ""CSNK1A1"", ""CSNK1A1L"", ""CSNK1D"", ""CSNK1G1""]"
"[""CSNK1G2"", ""CSNK1G3"", ""CSNK2A1"", ""CSNK2A2"", ""CSNK2B"", ""CSPP1"", ""CSRNP2"", ""CSRP1"", ""CST3"", ""CST5"", ""CSTB"", ""CSTF1"", ""CSTF2"", ""CSTF2T"", ""CSTF3"", ""CTBP1"", ""CTBP2"", ""CTC1"", ""CTCF"", ""CTDNEP1"", ""CTDP1"", ""CTDSP1"", ""CTDSP2"", ""CTDSPL2"", ""CTF1"", ""CTH"", ""CTHRC1"", ""CTIF"", ""CTNNA1"", ""CTNNA2"", ""CTNNA3"", ""CTNNAL1"", ""CTNNBIP1"", ""CTNNBL1"", ""CTNND2"", ""CTPS1"", ""CTR9"", ""CTRC"", ""CTRL"", ""CTTN"", ""CTTNBP2NL"", ""CTU2"", ""CUEDC2"", ""CUTA"", ""CUTC"", ""CUX1"", ""CUX2"", ""CWC15"", ""CWC22"", ""CWC25"", ""CWC27"", ""CX3CL1"", ""CX3CR1"", ""CXADR"", ""CXCL12"", ""CXCL14"", ""CXCL16"", ""CXCL2"", ""CXCL3"", ""CXCL5"", ""CXCL6"", ""CXCR3"", ""CXXC1"", ""CXXC4"", ""CXXC5"", ""CYB561D2"", ""CYB5A"", ""CYB5B"", ""CYB5R1"", ""CYB5R2"", ""CYB5R4"", ""CYBA"", ""CYBB"", ""CYC1"", ""CYCS"", ""CYFIP1"", ""CYFIP2"", ""CYLD"", ""CYP11A1"", ""CYP11B1"", ""CYP17A1"", ""CYP1A2"", ""CYP1B1"", ""CYP26A1"", ""CYP26B1"", ""CYP26C1"", ""CYP27A1"", ""CYP2A13"", ""CYP2B6"", ""CYP2E1"", ""CYP2J2"", ""CYP2R1"", ""CYP2U1"", ""CYP2W1"", ""CYP3A5"", ""CYP46A1"", ""CYP4A11"", ""CYP4V2"", ""CYP4X1"", ""CYP4Z1""]"
"[""CYP51A1"", ""CYSRT1"", ""CYTH1"", ""CYTH2"", ""CYTH3"", ""CYTH4"", ""D2HGDH"", ""DAAM1"", ""DAAM2"", ""DAB1"", ""DAB2IP"", ""DACH1"", ""DACT1"", ""DACT3"", ""DAD1"", ""DAG1"", ""DAGLA"", ""DALRD3"", ""DAP"", ""DAP3"", ""DAPK1"", ""DAPK2"", ""DAPK3"", ""DARS2"", ""DAZAP1"", ""DBF4"", ""DBF4B"", ""DBI"", ""DBN1"", ""DBNL"", ""DBP"", ""DBR1"", ""DCBLD2"", ""DCD"", ""DCDC1"", ""DCK"", ""DCLRE1A"", ""DCLRE1B"", ""DCLRE1C"", ""DCP1A"", ""DCP1B"", ""DCP2"", ""DCPS"", ""DCT"", ""DCTN1"", ""DCTN2"", ""DCTN3"", ""DCTN4"", ""DCTN5"", ""DCTN6"", ""DCTPP1"", ""DCX"", ""DCXR"", ""DDAH1"", ""DDAH2"", ""DDC"", ""DDHD1"", ""DDHD2"", ""DDI2"", ""DDIT3"", ""DDIT4"", ""DDN"", ""DDR1"", ""DDR2"", ""DDT"", ""DDX1"", ""DDX11"", ""DDX17"", ""DDX18"", ""DDX20"", ""DDX21"", ""DDX23"", ""DDX24"", ""DDX27"", ""DDX28"", ""DDX31"", ""DDX39A"", ""DDX3X"", ""DDX3Y"", ""DDX41"", ""DDX42"", ""DDX46"", ""DDX47"", ""DDX5"", ""DDX50"", ""DDX54"", ""DDX55"", ""DDX56"", ""DDX6"", ""DDX60"", ""DEAF1"", ""DECR1"", ""DECR2"", ""DEDD2"", ""DEF6"", ""DEFB1"", ""DEFB118"", ""DEFB131A"", ""DEFB132"", ""DEGS1""]"
"[""DEK"", ""DENND1A"", ""DENND1B"", ""DENND1C"", ""DENND2A"", ""DENND2C"", ""DENND2D"", ""DENND4A"", ""DENND4B"", ""DENND4C"", ""DENND5A"", ""DENND5B"", ""DENND6A"", ""DENND6B"", ""DENR"", ""DEPDC1"", ""DEPP1"", ""DERA"", ""DESI1"", ""DESI2"", ""DFFA"", ""DFFB"", ""DGAT1"", ""DGAT2"", ""DGCR8"", ""DGKA"", ""DGKB"", ""DGKD"", ""DGKE"", ""DGKG"", ""DGKH"", ""DGKI"", ""DGKQ"", ""DGKZ"", ""DGUOK"", ""DHCR24"", ""DHCR7"", ""DHDDS"", ""DHFR"", ""DHFR2"", ""DHH"", ""DHODH"", ""DHPS"", ""DHRS1"", ""DHRS11"", ""DHRS2"", ""DHRS4"", ""DHRS7"", ""DHRS9"", ""DHRSX"", ""DHTKD1"", ""DHX15"", ""DHX16"", ""DHX29"", ""DHX30"", ""DHX33"", ""DHX35"", ""DHX36"", ""DHX37"", ""DHX38"", ""DHX58"", ""DHX8"", ""DHX9"", ""DIABLO"", ""DIAPH1"", ""DIAPH2"", ""DICER1"", ""DIMT1"", ""DIO3"", ""DIP2A"", ""DIP2B"", ""DIRAS1"", ""DIRAS2"", ""DIS3"", ""DIS3L"", ""DIS3L2"", ""DIXDC1"", ""DKC1"", ""DKK3"", ""DLAT"", ""DLC1"", ""DLD"", ""DLEC1"", ""DLG1"", ""DLG2"", ""DLG4"", ""DLG5"", ""DLK1"", ""DLK2"", ""DLL1"", ""DLST"", ""DLX1"", ""DLX2"", ""DLX4"", ""DMAC1"", ""DMAP1"", ""DMBT1"", ""DMGDH"", ""DMPK"", ""DMRTA1""]"
"[""DMRTA2"", ""DMRTC2"", ""DMTF1"", ""DMTN"", ""DMWD"", ""DMXL2"", ""DNA2"", ""DNAAF2"", ""DNAAF4"", ""DNAAF5"", ""DNAH1"", ""DNAH2"", ""DNAH5"", ""DNAH7"", ""DNAH9"", ""DNAJA2"", ""DNAJA3"", ""DNAJA4"", ""DNAJB1"", ""DNAJB11"", ""DNAJB12"", ""DNAJB13"", ""DNAJB14"", ""DNAJB2"", ""DNAJB4"", ""DNAJB5"", ""DNAJB6"", ""DNAJB9"", ""DNAJC1"", ""DNAJC10"", ""DNAJC11"", ""DNAJC12"", ""DNAJC16"", ""DNAJC18"", ""DNAJC19"", ""DNAJC2"", ""DNAJC21"", ""DNAJC24"", ""DNAJC30"", ""DNAJC7"", ""DNAJC8"", ""DNAJC9"", ""DNAL1"", ""DNALI1"", ""DNASE1L1"", ""DND1"", ""DNER"", ""DNHD1"", ""DNLZ"", ""DNM2"", ""DNMBP"", ""DNMT1"", ""DNMT3A"", ""DNMT3B"", ""DNPEP"", ""DNPH1"", ""DNTTIP1"", ""DNTTIP2"", ""DOCK1"", ""DOCK10"", ""DOCK3"", ""DOCK4"", ""DOCK5"", ""DOCK6"", ""DOCK7"", ""DOCK8"", ""DOHH"", ""DOK1"", ""DOK7"", ""DOLK"", ""DONSON"", ""DOT1L"", ""DPAGT1"", ""DPEP3"", ""DPF1"", ""DPF2"", ""DPF3"", ""DPH3"", ""DPM1"", ""DPM2"", ""DPM3"", ""DPP10"", ""DPP3"", ""DPP6"", ""DPP8"", ""DPRX"", ""DPY30"", ""DPYD"", ""DPYSL2"", ""DR1"", ""DRAP1"", ""DRD1"", ""DRD2"", ""DRD4"", ""DRG1"", ""DRG2"", ""DROSHA"", ""DSCAM"", ""DSCAML1"", ""DSCC1""]"
"[""DSE"", ""DSP"", ""DST"", ""DSTN"", ""DSTYK"", ""DTD2"", ""DTNBP1"", ""DTWD1"", ""DTWD2"", ""DTYMK"", ""DUS1L"", ""DUS2"", ""DUS3L"", ""DUS4L"", ""DUSP1"", ""DUSP10"", ""DUSP11"", ""DUSP12"", ""DUSP15"", ""DUSP16"", ""DUSP18"", ""DUSP19"", ""DUSP2"", ""DUSP22"", ""DUSP23"", ""DUSP26"", ""DUSP28"", ""DUSP3"", ""DUSP4"", ""DUSP5"", ""DUSP6"", ""DUSP7"", ""DUT"", ""DUX4"", ""DVL1"", ""DVL2"", ""DVL3"", ""DXO"", ""DYM"", ""DYNC1I1"", ""DYNC1I2"", ""DYNC1LI1"", ""DYNC1LI2"", ""DYNC2H1"", ""DYNC2LI1"", ""DYNLL1"", ""DYNLL2"", ""DYNLRB1"", ""DYNLT1"", ""DYNLT3"", ""DYRK1A"", ""DYRK1B"", ""DYRK3"", ""DYRK4"", ""DYSF"", ""DZANK1"", ""DZIP1"", ""E2F1"", ""E2F3"", ""E2F4"", ""E2F5"", ""E2F6"", ""E4F1"", ""EAF1"", ""EAF2"", ""EAPP"", ""EARS2"", ""EBF4"", ""EBNA1BP2"", ""EBP"", ""EBPL"", ""ECD"", ""ECHS1"", ""ECI1"", ""ECI2"", ""ECM1"", ""ECSCR"", ""ECSIT"", ""ECT2"", ""EDA"", ""EDC3"", ""EDC4"", ""EDEM1"", ""EDF1"", ""EDN1"", ""EDN3"", ""EDNRA"", ""EDNRB"", ""EEA1"", ""EED"", ""EEF1AKMT1"", ""EEF1AKMT2"", ""EEF1AKMT3"", ""EEF1AKMT4"", ""EEF1B2"", ""EEF1D"", ""EEF1G"", ""EEF2"", ""EEF2K"", ""EFCAB6""]"
"[""EFEMP1"", ""EFEMP2"", ""EFHB"", ""EFHC1"", ""EFHC2"", ""EFL1"", ""EFNA1"", ""EFNA3"", ""EFNA5"", ""EFNB1"", ""EFNB2"", ""EFNB3"", ""EFR3A"", ""EFR3B"", ""EFTUD2"", ""EGLN1"", ""EGLN3"", ""EGR1"", ""EGR3"", ""EGR4"", ""EHBP1"", ""EHD1"", ""EHD2"", ""EHD4"", ""EHMT1"", ""EHMT2"", ""EI24"", ""EID1"", ""EID2"", ""EID2B"", ""EID3"", ""EIF1"", ""EIF1AD"", ""EIF1AX"", ""EIF2A"", ""EIF2AK1"", ""EIF2AK2"", ""EIF2AK3"", ""EIF2AK4"", ""EIF2B1"", ""EIF2B2"", ""EIF2B3"", ""EIF2B4"", ""EIF2B5"", ""EIF2D"", ""EIF2S1"", ""EIF2S2"", ""EIF2S3"", ""EIF3A"", ""EIF3B"", ""EIF3D"", ""EIF3E"", ""EIF3F"", ""EIF3G"", ""EIF3H"", ""EIF3I"", ""EIF3J"", ""EIF3K"", ""EIF3L"", ""EIF3M"", ""EIF4A2"", ""EIF4A3"", ""EIF4B"", ""EIF4E"", ""EIF4EBP1"", ""EIF4EBP2"", ""EIF4ENIF1"", ""EIF4G1"", ""EIF4G2"", ""EIF5"", ""EIF5A"", ""EIF5A2"", ""EIF5B"", ""EIF6"", ""EIPR1"", ""ELAC1"", ""ELAC2"", ""ELAVL1"", ""ELAVL3"", ""ELAVL4"", ""ELF1"", ""ELF2"", ""ELF4"", ""ELK1"", ""ELK3"", ""ELK4"", ""ELL"", ""ELL2"", ""ELL3"", ""ELMO1"", ""ELMO2"", ""ELMOD1"", ""ELMOD2"", ""ELMOD3"", ""ELN"", ""ELOA"", ""ELOVL1"", ""ELOVL2"", ""ELOVL4"", ""ELOVL5""]"
"[""ELOVL6"", ""ELOVL7"", ""ELP1"", ""ELP2"", ""ELP3"", ""ELP4"", ""ELP5"", ""ELP6"", ""EMC1"", ""EMC10"", ""EMC2"", ""EMC3"", ""EMC4"", ""EMC6"", ""EMC7"", ""EMC8"", ""EMC9"", ""EMD"", ""EME1"", ""EME2"", ""EMG1"", ""EMILIN1"", ""EMILIN2"", ""EML1"", ""EML2"", ""EML3"", ""EML4"", ""EMP1"", ""EMP2"", ""EMP3"", ""EMSY"", ""EMX1"", ""EMX2"", ""EN2"", ""ENAH"", ""ENDOG"", ""ENDOU"", ""ENDOV"", ""ENG"", ""ENGASE"", ""ENKD1"", ""ENKUR"", ""ENO1"", ""ENO2"", ""ENO3"", ""ENOPH1"", ""ENOSF1"", ""ENOX1"", ""ENOX2"", ""ENPP2"", ""ENPP4"", ""ENPP5"", ""ENPP6"", ""ENPP7"", ""ENSA"", ""ENTPD3"", ""ENTPD5"", ""ENTPD6"", ""ENTPD7"", ""ENY2"", ""EP300"", ""EP400"", ""EPAS1"", ""EPB41"", ""EPB41L1"", ""EPB41L2"", ""EPB41L3"", ""EPB41L4B"", ""EPB41L5"", ""EPC1"", ""EPC2"", ""EPCAM"", ""EPHA1"", ""EPHA3"", ""EPHA4"", ""EPHA5"", ""EPHA6"", ""EPHA7"", ""EPHB1"", ""EPHB2"", ""EPHB3"", ""EPHX1"", ""EPHX2"", ""EPHX3"", ""EPN2"", ""EPN3"", ""EPOR"", ""EPS15"", ""EPS8L2"", ""ERAL1"", ""ERAP1"", ""ERAP2"", ""ERBB2"", ""ERBB4"", ""ERBIN"", ""ERC1"", ""ERCC1"", ""ERCC2"", ""ERCC3"", ""ERCC4""]"
"[""ERCC6"", ""ERCC6L2"", ""ERF"", ""ERG"", ""ERG28"", ""ERGIC1"", ""ERGIC2"", ""ERGIC3"", ""ERH"", ""ERI1"", ""ERICH3"", ""ERLEC1"", ""ERMN"", ""ERN1"", ""ERN2"", ""ERO1A"", ""ERO1B"", ""ERP29"", ""ERP44"", ""ERRFI1"", ""ESAM"", ""ESCO1"", ""ESD"", ""ESM1"", ""ESPL1"", ""ESPN"", ""ESR1"", ""ESRP2"", ""ESRRA"", ""ESRRB"", ""ESRRG"", ""ESS2"", ""ESYT1"", ""ESYT2"", ""ESYT3"", ""ETAA1"", ""ETF1"", ""ETFA"", ""ETFB"", ""ETFDH"", ""ETFRF1"", ""ETHE1"", ""ETNK1"", ""ETNPPL"", ""ETS1"", ""ETS2"", ""ETV1"", ""ETV3"", ""ETV5"", ""ETV6"", ""EVA1C"", ""EVI5"", ""EVI5L"", ""EVPL"", ""EVX1"", ""EWSR1"", ""EXD2"", ""EXO5"", ""EXOC1"", ""EXOC2"", ""EXOC4"", ""EXOC7"", ""EXOC8"", ""EXOG"", ""EXOSC1"", ""EXOSC10"", ""EXOSC2"", ""EXOSC3"", ""EXOSC4"", ""EXOSC5"", ""EXOSC6"", ""EXOSC7"", ""EXOSC8"", ""EXOSC9"", ""EXPH5"", ""EXT1"", ""EXT2"", ""EXTL1"", ""EXTL2"", ""EXTL3"", ""EYA1"", ""EYA2"", ""EYA3"", ""EZH1"", ""EZH2"", ""EZR"", ""F10"", ""F11R"", ""F12"", ""F13A1"", ""F2R"", ""F2RL1"", ""F3"", ""F7"", ""F8A1"", ""FA2H"", ""FAAH"", ""FAAP100"", ""FAAP20"", ""FAAP24""]"
"[""FABP1"", ""FABP3"", ""FADD"", ""FADS1"", ""FAHD1"", ""FAIM2"", ""FAM107A"", ""FAM110A"", ""FAM110B"", ""FAM110C"", ""FAM111A"", ""FAM114A1"", ""FAM120A"", ""FAM131B"", ""FAM136A"", ""FAM161A"", ""FAM161B"", ""FAM162A"", ""FAM168A"", ""FAM171A1"", ""FAM172A"", ""FAM174B"", ""FAM181A"", ""FAM184A"", ""FAM186B"", ""FAM193B"", ""FAM20A"", ""FAM20B"", ""FAM210B"", ""FAM217B"", ""FAM222B"", ""FAM234A"", ""FAM241A"", ""FAM32A"", ""FAM3A"", ""FAM3C"", ""FAM47E"", ""FAM50A"", ""FAM50B"", ""FAM53B"", ""FAM72A"", ""FAM76A"", ""FAM76B"", ""FAM83H"", ""FAM91A1"", ""FAM98B"", ""FAM9B"", ""FAN1"", ""FANCB"", ""FANCC"", ""FANCD2"", ""FANCE"", ""FANCF"", ""FANCG"", ""FANCI"", ""FANCM"", ""FANK1"", ""FAP"", ""FAR1"", ""FAR2"", ""FARP2"", ""FARS2"", ""FARSA"", ""FARSB"", ""FAS"", ""FASN"", ""FASTK"", ""FASTKD1"", ""FASTKD2"", ""FASTKD3"", ""FASTKD5"", ""FAT1"", ""FAU"", ""FAXDC2"", ""FBF1"", ""FBL"", ""FBLIM1"", ""FBLL1"", ""FBLN1"", ""FBLN5"", ""FBN1"", ""FBXO28"", ""FCER1G"", ""FCER2"", ""FCF1"", ""FCGR3A"", ""FCGRT"", ""FCHO1"", ""FCHO2"", ""FCHSD2"", ""FCN3"", ""FCRLB"", ""FDFT1"", ""FDPS"", ""FDX1"", ""FDXR"", ""FECH"", ""FEN1"", ""FER"", ""FERMT1""]"
"[""FERMT2"", ""FES"", ""FEZ1"", ""FFAR1"", ""FGD1"", ""FGD5"", ""FGF1"", ""FGF12"", ""FGF13"", ""FGF17"", ""FGF18"", ""FGF2"", ""FGF7"", ""FGF8"", ""FGF9"", ""FGFBP3"", ""FGFR1"", ""FGFR2"", ""FGFR3"", ""FGFR4"", ""FGFRL1"", ""FGGY"", ""FGR"", ""FH"", ""FHL1"", ""FHL2"", ""FHOD1"", ""FIBCD1"", ""FIBP"", ""FICD"", ""FIG4"", ""FIGNL1"", ""FILIP1"", ""FIP1L1"", ""FIS1"", ""FKBP10"", ""FKBP15"", ""FKBP1A"", ""FKBP1B"", ""FKBP4"", ""FKBP5"", ""FKBP8"", ""FKBPL"", ""FKRP"", ""FKTN"", ""FLAD1"", ""FLI1"", ""FLII"", ""FLNA"", ""FLNB"", ""FLNC"", ""FLOT2"", ""FLRT3"", ""FLT1"", ""FLT3"", ""FLT3LG"", ""FLT4"", ""FLVCR1"", ""FLYWCH1"", ""FMC1"", ""FMN2"", ""FMNL1"", ""FMO2"", ""FMO5"", ""FMR1"", ""FN1"", ""FN3K"", ""FNBP1L"", ""FNBP4"", ""FNTA"", ""FOCAD"", ""FOLH1"", ""FOLH1B"", ""FOLR1"", ""FOLR2"", ""FOS"", ""FOSB"", ""FOSL1"", ""FOSL2"", ""FOXA2"", ""FOXA3"", ""FOXB1"", ""FOXC1"", ""FOXC2"", ""FOXD1"", ""FOXD3"", ""FOXE3"", ""FOXF1"", ""FOXF2"", ""FOXG1"", ""FOXH1"", ""FOXI3"", ""FOXJ2"", ""FOXJ3"", ""FOXK1"", ""FOXK2"", ""FOXL1"", ""FOXL2"", ""FOXN2"", ""FOXN3""]"
"[""FOXO4"", ""FOXP1"", ""FOXP2"", ""FOXQ1"", ""FOXR1"", ""FOXRED1"", ""FOXRED2"", ""FPGS"", ""FPGT"", ""FRAT1"", ""FRG1"", ""FRMD5"", ""FRMD6"", ""FRMD8"", ""FRMPD4"", ""FRS2"", ""FRZB"", ""FSBP"", ""FSCN1"", ""FSTL3"", ""FTCD"", ""FTCDNL1"", ""FTMT"", ""FTO"", ""FTSJ1"", ""FTSJ3"", ""FUBP1"", ""FUBP3"", ""FUNDC1"", ""FUNDC2"", ""FURIN"", ""FUS"", ""FUT3"", ""FUT4"", ""FUT5"", ""FUT6"", ""FUT7"", ""FUT8"", ""FUT9"", ""FXN"", ""FXR1"", ""FXR2"", ""FXYD5"", ""FXYD6"", ""FYN"", ""FYTTD1"", ""FZD1"", ""FZD10"", ""FZD2"", ""FZD3"", ""FZD7"", ""FZD9"", ""G0S2"", ""G3BP1"", ""G3BP2"", ""G6PC3"", ""G6PD"", ""GAB2"", ""GABBR1"", ""GABBR2"", ""GABPA"", ""GABPB1"", ""GABPB2"", ""GABRA1"", ""GABRA2"", ""GABRA4"", ""GABRA5"", ""GABRB1"", ""GABRB2"", ""GABRB3"", ""GABRD"", ""GABRE"", ""GABRG1"", ""GABRG2"", ""GABRG3"", ""GAD1"", ""GADD45A"", ""GADD45B"", ""GADD45G"", ""GADD45GIP1"", ""GAL"", ""GAL3ST1"", ""GAL3ST3"", ""GAL3ST4"", ""GALE"", ""GALK1"", ""GALK2"", ""GALM"", ""GALNT1"", ""GALNT10"", ""GALNT11"", ""GALNT13"", ""GALNT15"", ""GALNT16"", ""GALNT18"", ""GALNT2"", ""GALNT3"", ""GALNT5"", ""GALNT6"", ""GALNTL5""]"
"[""GALR1"", ""GALR3"", ""GALT"", ""GAMT"", ""GANAB"", ""GAP43"", ""GAPVD1"", ""GAR1"", ""GAREM1"", ""GART"", ""GAS1"", ""GAS2L1"", ""GAS6"", ""GAS8"", ""GATAD1"", ""GATAD2A"", ""GATAD2B"", ""GATB"", ""GATC"", ""GATM"", ""GBA2"", ""GBE1"", ""GBF1"", ""GBP2"", ""GBP3"", ""GBP4"", ""GCAT"", ""GCDH"", ""GCFC2"", ""GCHFR"", ""GCK"", ""GCLM"", ""GCM1"", ""GCNA"", ""GCNT1"", ""GCSH"", ""GDAP1"", ""GDF11"", ""GDF15"", ""GDF7"", ""GDI1"", ""GDNF"", ""GDPGP1"", ""GEM"", ""GEMIN2"", ""GEMIN4"", ""GEMIN5"", ""GEMIN6"", ""GEMIN7"", ""GEMIN8"", ""GEN1"", ""GET4"", ""GFER"", ""GFM1"", ""GFM2"", ""GFRA3"", ""GFRAL"", ""GGA1"", ""GGA2"", ""GGACT"", ""GGCT"", ""GGCX"", ""GGPS1"", ""GGT1"", ""GGT5"", ""GH1"", ""GHITM"", ""GHR"", ""GHRHR"", ""GHRL"", ""GHSR"", ""GIGYF1"", ""GIGYF2"", ""GIMAP1"", ""GIMAP2"", ""GIMAP4"", ""GIMAP6"", ""GIMAP7"", ""GINS2"", ""GINS3"", ""GIPC1"", ""GIPR"", ""GIT1"", ""GIT2"", ""GJA1"", ""GJA8"", ""GJB3"", ""GJB6"", ""GJB7"", ""GJC1"", ""GJD3"", ""GKN1"", ""GLCE"", ""GLDC"", ""GLDN"", ""GLE1"", ""GLG1"", ""GLI1"", ""GLI3"", ""GLIPR2""]"
"[""GLIS1"", ""GLIS2"", ""GLO1"", ""GLRA2"", ""GLRA3"", ""GLRB"", ""GLRX"", ""GLRX2"", ""GLRX3"", ""GLRX5"", ""GLS"", ""GLS2"", ""GLT1D1"", ""GLTP"", ""GLUD1"", ""GLUD2"", ""GLUL"", ""GLYCTK"", ""GLYR1"", ""GMDS"", ""GMEB1"", ""GMEB2"", ""GMIP"", ""GMNN"", ""GMPPB"", ""GMPR"", ""GMPR2"", ""GMPS"", ""GNA12"", ""GNA13"", ""GNA15"", ""GNAI2"", ""GNAO1"", ""GNAS"", ""GNB5"", ""GNG12"", ""GNG5"", ""GNL1"", ""GNL2"", ""GNL3"", ""GNL3L"", ""GNPAT"", ""GNPDA1"", ""GNPDA2"", ""GOLGA1"", ""GOLGA2"", ""GOLGA3"", ""GOLGA4"", ""GOLGA5"", ""GOLGA7"", ""GOLGA8A"", ""GOLGB1"", ""GOLIM4"", ""GOLM1"", ""GOLPH3"", ""GOLPH3L"", ""GOLT1A"", ""GOLT1B"", ""GON4L"", ""GON7"", ""GORAB"", ""GORASP1"", ""GORASP2"", ""GOSR1"", ""GOSR2"", ""GOT1"", ""GOT2"", ""GP9"", ""GPAA1"", ""GPAM"", ""GPAT3"", ""GPAT4"", ""GPATCH1"", ""GPATCH11"", ""GPATCH2"", ""GPATCH3"", ""GPBAR1"", ""GPBP1"", ""GPD1L"", ""GPD2"", ""GPER1"", ""GPHA2"", ""GPHB5"", ""GPHN"", ""GPIHBP1"", ""GPKOW"", ""GPM6A"", ""GPN1"", ""GPN3"", ""GPNMB"", ""GPR107"", ""GPR108"", ""GPR119"", ""GPR135"", ""GPR139"", ""GPR142"", ""GPR146"", ""GPR156"", ""GPR158"", ""GPR179""]"
"[""GPR183"", ""GPR19"", ""GPR20"", ""GPR26"", ""GPR37L1"", ""GPR4"", ""GPR52"", ""GPR61"", ""GPR62"", ""GPR63"", ""GPR78"", ""GPR83"", ""GPR85"", ""GPR88"", ""GPRC5B"", ""GPRC5C"", ""GPS1"", ""GPS2"", ""GPSM1"", ""GPSM2"", ""GPT2"", ""GPX1"", ""GPX3"", ""GPX4"", ""GPX7"", ""GRAMD1A"", ""GRAMD1B"", ""GRAMD2B"", ""GRAMD4"", ""GRAP"", ""GRB10"", ""GRB14"", ""GRB2"", ""GRB7"", ""GREB1L"", ""GREM1"", ""GRHPR"", ""GRIA1"", ""GRIA2"", ""GRIA3"", ""GRIA4"", ""GRIK1"", ""GRIK3"", ""GRIK4"", ""GRIK5"", ""GRIN1"", ""GRIN2A"", ""GRIN2C"", ""GRIN2D"", ""GRIN3A"", ""GRIPAP1"", ""GRK2"", ""GRK3"", ""GRK4"", ""GRK5"", ""GRK6"", ""GRM1"", ""GRM4"", ""GRM5"", ""GRM7"", ""GRM8"", ""GRPEL1"", ""GRPEL2"", ""GRPR"", ""GRSF1"", ""GRWD1"", ""GSAP"", ""GSDME"", ""GSK3A"", ""GSKIP"", ""GSN"", ""GSPT1"", ""GSPT2"", ""GSR"", ""GSS"", ""GSTA4"", ""GSTCD"", ""GSTK1"", ""GSTM1"", ""GSTM2"", ""GSTM3"", ""GSTM4"", ""GSTM5"", ""GSTO1"", ""GSTO2"", ""GSTP1"", ""GSTT1"", ""GSTZ1"", ""GSX1"", ""GTF2A1"", ""GTF2A2"", ""GTF2B"", ""GTF2E1"", ""GTF2E2"", ""GTF2F1"", ""GTF2F2"", ""GTF2H1"", ""GTF2H3"", ""GTF2H4"", ""GTF2H5""]"
"[""GTF2I"", ""GTF2IRD1"", ""GTF3A"", ""GTF3C1"", ""GTF3C2"", ""GTF3C3"", ""GTF3C4"", ""GTF3C5"", ""GTF3C6"", ""GTPBP3"", ""GTPBP4"", ""GTPBP8"", ""GUCA1B"", ""GUCY1A1"", ""GUCY1B1"", ""GUK1"", ""GULP1"", ""GXYLT1"", ""GXYLT2"", ""GYG2"", ""GYPC"", ""GYS1"", ""GZF1"", ""H6PD"", ""HAAO"", ""HABP4"", ""HACD2"", ""HACD3"", ""HACD4"", ""HACL1"", ""HADH"", ""HADHA"", ""HADHB"", ""HAGH"", ""HAMP"", ""HAND2"", ""HARBI1"", ""HARS2"", ""HAT1"", ""HAUS1"", ""HAUS2"", ""HAUS3"", ""HAUS4"", ""HAUS6"", ""HAUS7"", ""HAUS8"", ""HAX1"", ""HBA1"", ""HBB"", ""HBEGF"", ""HBG1"", ""HBP1"", ""HBS1L"", ""HBZ"", ""HCCS"", ""HCFC1"", ""HCFC1R1"", ""HCFC2"", ""HCLS1"", ""HCN1"", ""HCN2"", ""HCN3"", ""HCN4"", ""HCRTR1"", ""HCST"", ""HDAC1"", ""HDAC10"", ""HDAC11"", ""HDAC2"", ""HDAC3"", ""HDAC4"", ""HDAC5"", ""HDAC7"", ""HDAC8"", ""HDAC9"", ""HDC"", ""HDGF"", ""HDGFL2"", ""HDGFL3"", ""HDHD3"", ""HEATR1"", ""HEATR5B"", ""HECA"", ""HEG1"", ""HELB"", ""HELQ"", ""HELZ2"", ""HEMK1"", ""HENMT1"", ""HEPACAM"", ""HEPH"", ""HES1"", ""HES5"", ""HES6"", ""HES7"", ""HEXIM1"", ""HEXIM2"", ""HEY1"", ""HEY2"", ""HEYL""]"
"[""HGF"", ""HHAT"", ""HHATL"", ""HHEX"", ""HHIP"", ""HIBADH"", ""HIBCH"", ""HIC2"", ""HID1"", ""HIF1AN"", ""HIF3A"", ""HIGD1A"", ""HIGD2A"", ""HIKESHI"", ""HILPDA"", ""HINFP"", ""HINT1"", ""HINT2"", ""HINT3"", ""HIP1"", ""HIP1R"", ""HIPK1"", ""HIPK2"", ""HIPK3"", ""HIRA"", ""HIRIP3"", ""HIVEP1"", ""HIVEP2"", ""HIVEP3"", ""HK1"", ""HK2"", ""HLA-A"", ""HLA-B"", ""HLA-C"", ""HLA-E"", ""HLA-G"", ""HLCS"", ""HLF"", ""HMBOX1"", ""HMBS"", ""HMCES"", ""HMG20B"", ""HMGA1"", ""HMGB1"", ""HMGB2"", ""HMGCL"", ""HMGCLL1"", ""HMGCR"", ""HMGCS1"", ""HMGCS2"", ""HMGN1"", ""HMGN2"", ""HMGN3"", ""HMGN5"", ""HMHB1"", ""HMOX1"", ""HMOX2"", ""HMX1"", ""HMX2"", ""HNF1A"", ""HNMT"", ""HNRNPA0"", ""HNRNPA1"", ""HNRNPA2B1"", ""HNRNPA3"", ""HNRNPAB"", ""HNRNPC"", ""HNRNPD"", ""HNRNPDL"", ""HNRNPF"", ""HNRNPH1"", ""HNRNPH2"", ""HNRNPH3"", ""HNRNPK"", ""HNRNPL"", ""HNRNPLL"", ""HNRNPM"", ""HNRNPR"", ""HNRNPU"", ""HNRNPUL1"", ""HNRNPUL2"", ""HOMER1"", ""HOMER2"", ""HOMEZ"", ""HOPX"", ""HOXA3"", ""HOXA5"", ""HOXB13"", ""HOXB3"", ""HOXB7"", ""HOXB-AS3"", ""HOXD1"", ""HOXD8"", ""HOXD9"", ""HP1BP3"", ""HPCA"", ""HPDL"", ""HPF1"", ""HPGD"", ""HPGDS""]"
"[""HPN"", ""HPR"", ""HPRT1"", ""HPS5"", ""HPSE2"", ""HR"", ""HRAS"", ""HRC"", ""HRH1"", ""HRK"", ""HS1BP3"", ""HS3ST1"", ""HS3ST2"", ""HS3ST3A1"", ""HS3ST5"", ""HSCB"", ""HSD11B1"", ""HSD11B1L"", ""HSD11B2"", ""HSD17B10"", ""HSD17B11"", ""HSD17B12"", ""HSD17B14"", ""HSD17B3"", ""HSD17B4"", ""HSD17B6"", ""HSD17B7"", ""HSD17B8"", ""HSD3B7"", ""HSDL1"", ""HSDL2"", ""HSF1"", ""HSF2"", ""HSF4"", ""HSP90B1"", ""HSPA14"", ""HSPA2"", ""HSPA4"", ""HSPA4L"", ""HSPB1"", ""HSPB2"", ""HSPB3"", ""HSPB6"", ""HSPB8"", ""HSPB9"", ""HSPE1"", ""HSPH1"", ""HTATIP2"", ""HTATSF1"", ""HTR1A"", ""HTR1E"", ""HTR1F"", ""HTR2A"", ""HTR2C"", ""HTR3B"", ""HTR3C"", ""HTR4"", ""HTR5A"", ""HTRA1"", ""HTRA2"", ""HTRA3"", ""HTT"", ""HUS1"", ""HVCN1"", ""HYKK"", ""HYLS1"", ""HYOU1"", ""IBA57"", ""IBTK"", ""ICA1"", ""ICAM2"", ""ICE1"", ""ICE2"", ""ICMT"", ""ICOSLG"", ""ID1"", ""ID2"", ""ID3"", ""ID4"", ""IDE"", ""IDH1"", ""IDH2"", ""IDH3A"", ""IDH3B"", ""IDH3G"", ""IDI1"", ""IER2"", ""IER3"", ""IER3IP1"", ""IER5"", ""IFFO1"", ""IFI16"", ""IFI27"", ""IFI27L2"", ""IFI35"", ""IFI44L"", ""IFI6"", ""IFIH1"", ""IFIT1"", ""IFIT2""]"
"[""IFIT3"", ""IFIT5"", ""IFITM5"", ""IFNAR2"", ""IFNGR1"", ""IFNGR2"", ""IFNLR1"", ""IFRD2"", ""IFT122"", ""IFT140"", ""IFT172"", ""IFT20"", ""IFT27"", ""IFT43"", ""IFT46"", ""IFT52"", ""IFT57"", ""IFT74"", ""IFT81"", ""IFT88"", ""IGBP1"", ""IGF1"", ""IGF1R"", ""IGF2BP2"", ""IGF2BP3"", ""IGF2R"", ""IGFALS"", ""IGFBP2"", ""IGFBP3"", ""IGFBP5"", ""IGFBP6"", ""IGFBP7"", ""IGFBPL1"", ""IGFL3"", ""IGFLR1"", ""IGHMBP2"", ""IGSF1"", ""IGSF11"", ""IGSF23"", ""IGSF8"", ""IK"", ""IKBIP"", ""IKBKB"", ""IKZF4"", ""IKZF5"", ""IL10RA"", ""IL10RB"", ""IL11"", ""IL11RA"", ""IL12RB2"", ""IL15"", ""IL15RA"", ""IL17D"", ""IL17RA"", ""IL17RB"", ""IL17RD"", ""IL18BP"", ""IL1RAP"", ""IL1RAPL1"", ""IL1RAPL2"", ""IL21R"", ""IL23A"", ""IL26"", ""IL27"", ""IL2RB"", ""IL33"", ""IL34"", ""IL3RA"", ""IL4R"", ""IL6R"", ""IL6ST"", ""IL7R"", ""IL9R"", ""ILDR1"", ""ILDR2"", ""ILF2"", ""ILF3"", ""ILK"", ""ILVBL"", ""IMMP1L"", ""IMMT"", ""IMP3"", ""IMP4"", ""IMPA1"", ""IMPA2"", ""IMPDH2"", ""IMPG2"", ""INA"", ""INCA1"", ""INCENP"", ""INF2"", ""ING1"", ""ING2"", ""ING3"", ""ING4"", ""ING5"", ""INHA"", ""INHBA"", ""INHBB"", ""INIP""]"
"[""INO80"", ""INO80C"", ""INO80D"", ""INO80E"", ""INPP4A"", ""INPP5A"", ""INPP5B"", ""INPP5D"", ""INPP5E"", ""INPP5F"", ""INPP5J"", ""INPP5K"", ""INPPL1"", ""INSIG1"", ""INSIG2"", ""INSL3"", ""INSM1"", ""INTS1"", ""INTS10"", ""INTS11"", ""INTS12"", ""INTS13"", ""INTS2"", ""INTS3"", ""INTS4"", ""INTS5"", ""INTS6"", ""INTS7"", ""INTS8"", ""INTS9"", ""INTU"", ""INVS"", ""IP6K1"", ""IP6K2"", ""IP6K3"", ""IPMK"", ""IPO13"", ""IPO4"", ""IPO5"", ""IPO7"", ""IPO9"", ""IPPK"", ""IQCB1"", ""IQCD"", ""IQCG"", ""IQCN"", ""IQGAP1"", ""IQSEC1"", ""IQSEC2"", ""IQSEC3"", ""IRAK4"", ""IREB2"", ""IRF2"", ""IRF2BP2"", ""IRF3"", ""IRF5"", ""IRF7"", ""IRF9"", ""IRS1"", ""IRX1"", ""IRX3"", ""IRX5"", ""ISCU"", ""ISG20"", ""ISL1"", ""ISOC2"", ""ISX"", ""ISY1"", ""ITGA1"", ""ITGA11"", ""ITGA2"", ""ITGA2B"", ""ITGA3"", ""ITGA5"", ""ITGA6"", ""ITGA8"", ""ITGAM"", ""ITGAV"", ""ITGAX"", ""ITGB1"", ""ITGB1BP1"", ""ITGB2"", ""ITGB3BP"", ""ITGB4"", ""ITGB5"", ""ITGB7"", ""ITGB8"", ""ITM2B"", ""ITPA"", ""ITPKA"", ""ITPKB"", ""ITPKC"", ""ITPR1"", ""ITPR2"", ""ITPR3"", ""ITSN1"", ""ITSN2"", ""IVD"", ""IVL"", ""IVNS1ABP""]"
"[""IWS1"", ""JADE1"", ""JADE3"", ""JAG1"", ""JAG2"", ""JAGN1"", ""JAK2"", ""JAK3"", ""JAKMIP1"", ""JAKMIP2"", ""JAM2"", ""JAM3"", ""JAML"", ""JARID2"", ""JAZF1"", ""JCAD"", ""JDP2"", ""JMJD4"", ""JMJD6"", ""JMJD7"", ""JMJD8"", ""JMY"", ""JOSD2"", ""JPH1"", ""JPT1"", ""JPT2"", ""JTB"", ""JUNB"", ""JUND"", ""JUP"", ""KALRN"", ""KANK1"", ""KANK2"", ""KANK4"", ""KANSL1"", ""KANSL2"", ""KANSL3"", ""KAT14"", ""KAT2A"", ""KAT5"", ""KAT6A"", ""KAT6B"", ""KAT7"", ""KAT8"", ""KATNA1"", ""KATNAL1"", ""KATNAL2"", ""KATNB1"", ""KATNBL1"", ""KAZN"", ""KCNA1"", ""KCNA2"", ""KCNA4"", ""KCNA5"", ""KCNAB1"", ""KCNAB2"", ""KCNB1"", ""KCNC1"", ""KCNC3"", ""KCND2"", ""KCND3"", ""KCNE5"", ""KCNG1"", ""KCNG3"", ""KCNH1"", ""KCNH5"", ""KCNH8"", ""KCNIP1"", ""KCNIP2"", ""KCNIP3"", ""KCNIP4"", ""KCNJ11"", ""KCNJ12"", ""KCNJ2"", ""KCNJ3"", ""KCNJ4"", ""KCNJ5"", ""KCNJ8"", ""KCNK1"", ""KCNK15"", ""KCNK3"", ""KCNK5"", ""KCNK9"", ""KCNMA1"", ""KCNMB2"", ""KCNMB4"", ""KCNN1"", ""KCNN2"", ""KCNN3"", ""KCNN4"", ""KCNQ2"", ""KCNQ3"", ""KCNQ5"", ""KCNS1"", ""KCNS3"", ""KCNT2"", ""KCNV1"", ""KCTD1"", ""KCTD21"", ""KCTD6""]"
"[""KCTD7"", ""KCTD9"", ""KDELR1"", ""KDELR2"", ""KDELR3"", ""KDM1A"", ""KDM1B"", ""KDM2A"", ""KDM2B"", ""KDM3A"", ""KDM3B"", ""KDM4B"", ""KDM4C"", ""KDM4D"", ""KDM5A"", ""KDM5B"", ""KDM5C"", ""KDM5D"", ""KDM6A"", ""KDM7A"", ""KDM8"", ""KDR"", ""KDSR"", ""KHDC4"", ""KHDRBS1"", ""KHDRBS3"", ""KHK"", ""KHSRP"", ""KIAA0319"", ""KIAA0319L"", ""KIAA0586"", ""KIAA0753"", ""KIAA1217"", ""KIF11"", ""KIF13B"", ""KIF16B"", ""KIF20A"", ""KIF21A"", ""KIF22"", ""KIF23"", ""KIF25"", ""KIF2A"", ""KIF2C"", ""KIF3A"", ""KIF3B"", ""KIF4B"", ""KIF9"", ""KIFAP3"", ""KIFC3"", ""KIN"", ""KIRREL1"", ""KIRREL3"", ""KISS1R"", ""KITLG"", ""KIZ"", ""KLF1"", ""KLF10"", ""KLF11"", ""KLF12"", ""KLF13"", ""KLF14"", ""KLF15"", ""KLF16"", ""KLF2"", ""KLF3"", ""KLF4"", ""KLF6"", ""KLF7"", ""KLF8"", ""KLF9"", ""KLHDC8B"", ""KLHL1"", ""KLHL18"", ""KLHL4"", ""KLK12"", ""KLK14"", ""KLK2"", ""KLK3"", ""KLK5"", ""KLK6"", ""KLK7"", ""KLK8"", ""KLKB1"", ""KLLN"", ""KLRC1"", ""KLRC2"", ""KLRG1"", ""KMO"", ""KMT2A"", ""KMT2B"", ""KMT2C"", ""KMT2D"", ""KMT2E"", ""KMT5A"", ""KMT5B"", ""KMT5C"", ""KNG1"", ""KNSTRN"", ""KNTC1"", ""KPNA1""]"
"[""KPNA2"", ""KPNA4"", ""KPNA5"", ""KPNB1"", ""KRAS"", ""KRI1"", ""KRIT1"", ""KRR1"", ""KRT10"", ""KRT14"", ""KRT17"", ""KRT18"", ""KRT19"", ""KRT71"", ""KRT8"", ""KRT83"", ""KRT9"", ""KRTCAP2"", ""KSR1"", ""KSR2"", ""KTN1"", ""KYAT1"", ""KYNU"", ""L1CAM"", ""L1TD1"", ""L2HGDH"", ""L3HYPDH"", ""L3MBTL1"", ""L3MBTL2"", ""L3MBTL3"", ""LACC1"", ""LACTB"", ""LACTB2"", ""LAG3"", ""LAGE3"", ""LAIR1"", ""LAMA1"", ""LAMA2"", ""LAMA3"", ""LAMA4"", ""LAMA5"", ""LAMB1"", ""LAMB2"", ""LAMC1"", ""LANCL1"", ""LANCL2"", ""LARGE1"", ""LARGE2"", ""LARP1"", ""LARP4"", ""LARP4B"", ""LARP6"", ""LARP7"", ""LARS2"", ""LAS1L"", ""LASP1"", ""LATS1"", ""LATS2"", ""LAYN"", ""LBH"", ""LBR"", ""LBX2"", ""LCA5"", ""LCAT"", ""LCE1D"", ""LCE3A"", ""LCE3C"", ""LCLAT1"", ""LCMT1"", ""LCOR"", ""LCP1"", ""LCP2"", ""LDB1"", ""LDB2"", ""LDB3"", ""LDHA"", ""LDHAL6A"", ""LDHB"", ""LDLRAD4"", ""LDLRAP1"", ""LDOC1"", ""LEF1"", ""LEMD2"", ""LEMD3"", ""LEO1"", ""LEPR"", ""LEPROT"", ""LETM1"", ""LETMD1"", ""LFNG"", ""LGALS1"", ""LGALS14"", ""LGALS3"", ""LGALS3BP"", ""LGALS8"", ""LGALS9C"", ""LGI3"", ""LGR4"", ""LGR5"", ""LGR6""]"
"[""LHPP"", ""LHX1"", ""LHX3"", ""LHX6"", ""LHX8"", ""LIF"", ""LIFR"", ""LIG1"", ""LIG3"", ""LIG4"", ""LILRA4"", ""LILRB4"", ""LIMA1"", ""LIMCH1"", ""LIMD2"", ""LIMK1"", ""LIMK2"", ""LIMS1"", ""LIMS2"", ""LIN28B"", ""LIN54"", ""LIN7C"", ""LIN9"", ""LINC-PINT"", ""LIPC"", ""LIPE"", ""LIPT2"", ""LLGL2"", ""LLPH"", ""LMAN1"", ""LMAN2"", ""LMAN2L"", ""LMBR1L"", ""LMLN"", ""LMNA"", ""LMNB2"", ""LMO2"", ""LMO3"", ""LMOD1"", ""LMTK2"", ""LNPK"", ""LONP1"", ""LONP2"", ""LOXL2"", ""LOXL3"", ""LPAR1"", ""LPAR2"", ""LPAR6"", ""LPCAT2"", ""LPCAT3"", ""LPCAT4"", ""LPGAT1"", ""LPIN1"", ""LPL"", ""LPP"", ""LPXN"", ""LRCH1"", ""LRCH3"", ""LRFN5"", ""LRIF1"", ""LRP12"", ""LRP1B"", ""LRP4"", ""LRP5"", ""LRP6"", ""LRP8"", ""LRPAP1"", ""LRRC1"", ""LRRC14"", ""LRRC15"", ""LRRC26"", ""LRRC32"", ""LRRC38"", ""LRRC45"", ""LRRC49"", ""LRRC4C"", ""LRRC55"", ""LRRC59"", ""LRRC70"", ""LRRC8B"", ""LRRC8C"", ""LRRC8D"", ""LRRCC1"", ""LRRFIP1"", ""LRRK1"", ""LRRTM1"", ""LRRTM2"", ""LRRTM3"", ""LRWD1"", ""LSAMP"", ""LSG1"", ""LSM1"", ""LSM10"", ""LSM11"", ""LSM12"", ""LSM14A"", ""LSM2"", ""LSM3"", ""LSM4"", ""LSM5""]"
"[""LSM6"", ""LSM7"", ""LSM8"", ""LSR"", ""LSS"", ""LST1"", ""LTA4H"", ""LTB4R2"", ""LTBP1"", ""LTBP3"", ""LTBP4"", ""LTC4S"", ""LTK"", ""LTV1"", ""LUC7L3"", ""LURAP1"", ""LUZP1"", ""LY6E"", ""LY6G5B"", ""LY6G5C"", ""LY9"", ""LY96"", ""LYAR"", ""LYL1"", ""LYNX1"", ""LYPD6"", ""LYPLA1"", ""LYPLA2"", ""LYPLAL1"", ""LYRM1"", ""LYRM4"", ""LYRM7"", ""LYSMD1"", ""LYSMD3"", ""LZTFL1"", ""LZTS2"", ""MAB21L2"", ""MACF1"", ""MACO1"", ""MACROD1"", ""MACROD2"", ""MAD1L1"", ""MAD2L1BP"", ""MADCAM1"", ""MADD"", ""MAF"", ""MAF1"", ""MAFA"", ""MAFB"", ""MAFF"", ""MAFG"", ""MAFK"", ""MAG"", ""MAGEA6"", ""MAGED1"", ""MAGED2"", ""MAGEF1"", ""MAGEL2"", ""MAGI1"", ""MAGI2"", ""MAGI3"", ""MAGOH"", ""MAGOHB"", ""MAIP1"", ""MAK16"", ""MAL"", ""MAL2"", ""MALL"", ""MALSU1"", ""MALT1"", ""MAML1"", ""MAML2"", ""MAML3"", ""MAMLD1"", ""MAN1A1"", ""MAN1A2"", ""MAN1B1"", ""MAN2A1"", ""MAN2C1"", ""MANEA"", ""MANF"", ""MAOA"", ""MAOB"", ""MAP10"", ""MAP1B"", ""MAP1S"", ""MAP2K1"", ""MAP2K2"", ""MAP2K3"", ""MAP2K6"", ""MAP2K7"", ""MAP3K1"", ""MAP3K10"", ""MAP3K11"", ""MAP3K12"", ""MAP3K13"", ""MAP3K14"", ""MAP3K2"", ""MAP3K20"", ""MAP3K3""]"
"[""MAP3K4"", ""MAP3K5"", ""MAP3K6"", ""MAP3K9"", ""MAP4"", ""MAP4K2"", ""MAP4K3"", ""MAP4K4"", ""MAP4K5"", ""MAP7"", ""MAP7D3"", ""MAP9"", ""MAPK10"", ""MAPK11"", ""MAPK12"", ""MAPK13"", ""MAPK14"", ""MAPK3"", ""MAPK6"", ""MAPK7"", ""MAPK8"", ""MAPK8IP1"", ""MAPK8IP2"", ""MAPK9"", ""MAPKAP1"", ""MAPKAPK2"", ""MAPKAPK3"", ""MAPKAPK5"", ""MAPKBP1"", ""MAPRE1"", ""MAPRE2"", ""MAPRE3"", ""MAPT"", ""MARCKSL1"", ""MARF1"", ""MARK1"", ""MARK2"", ""MARK3"", ""MARK4"", ""MAS1L"", ""MASP1"", ""MASP2"", ""MASTL"", ""MAT2A"", ""MAT2B"", ""MATR3"", ""MAU2"", ""MAX"", ""MAZ"", ""MB21D2"", ""MBD1"", ""MBD2"", ""MBD3"", ""MBD4"", ""MBD5"", ""MBD6"", ""MBIP"", ""MBLAC1"", ""MBLAC2"", ""MBNL1"", ""MBNL2"", ""MBNL3"", ""MBOAT1"", ""MBOAT2"", ""MBOAT7"", ""MBP"", ""MBTD1"", ""MBTPS2"", ""MCAM"", ""MCAT"", ""MCC"", ""MCCC1"", ""MCCC2"", ""MCEE"", ""MCF2L"", ""MCHR1"", ""MCL1"", ""MCM2"", ""MCM3"", ""MCM3AP"", ""MCM4"", ""MCM5"", ""MCM6"", ""MCM7"", ""MCM8"", ""MCM9"", ""MCMBP"", ""MCPH1"", ""MCRIP1"", ""MCRIP2"", ""MCRS1"", ""MCTP1"", ""MCTS1"", ""MCU"", ""MCUB"", ""MCUR1"", ""MDC1"", ""MDFIC"", ""MDGA1"", ""MDH1""]"
"[""MDH2"", ""MDK"", ""MDM1"", ""MDN1"", ""ME1"", ""ME2"", ""ME3"", ""MEAF6"", ""MECOM"", ""MECP2"", ""MECR"", ""MED13"", ""MED14"", ""MED15"", ""MED16"", ""MED19"", ""MED20"", ""MED22"", ""MED23"", ""MED24"", ""MED25"", ""MED26"", ""MED28"", ""MED29"", ""MED4"", ""MED9"", ""MEDAG"", ""MEF2A"", ""MEF2C"", ""MEF2D"", ""MEGF10"", ""MEIS1"", ""MEIS2"", ""MEIS3"", ""MELTF"", ""MEN1"", ""MEPCE"", ""MERTK"", ""MESP1"", ""MESP2"", ""MET"", ""METAP1"", ""METAP1D"", ""METAP2"", ""METTL1"", ""METTL13"", ""METTL14"", ""METTL15"", ""METTL16"", ""METTL17"", ""METTL18"", ""METTL21A"", ""METTL22"", ""METTL23"", ""METTL2A"", ""METTL2B"", ""METTL3"", ""METTL4"", ""METTL5"", ""METTL6"", ""METTL8"", ""METTL9"", ""MEX3A"", ""MEX3B"", ""MEX3D"", ""MFAP1"", ""MFAP3L"", ""MFAP4"", ""MFF"", ""MFN1"", ""MFNG"", ""MFSD10"", ""MFSD2A"", ""MFSD2B"", ""MGA"", ""MGARP"", ""MGAT1"", ""MGAT2"", ""MGAT3"", ""MGAT4A"", ""MGAT4B"", ""MGAT5"", ""MGAT5B"", ""MGLL"", ""MGME1"", ""MGMT"", ""MGST2"", ""MGST3"", ""MIA2"", ""MIA3"", ""MICA"", ""MICAL1"", ""MICAL2"", ""MICAL3"", ""MICALL1"", ""MICALL2"", ""MICB"", ""MICU1"", ""MICU2"", ""MIDN""]"
"[""MIEF1"", ""MIEF2"", ""MIEN1"", ""MIER1"", ""MIER2"", ""MIER3"", ""MIF"", ""MIF4GD"", ""MIGA1"", ""MIGA2"", ""MINDY1"", ""MINDY2"", ""MINDY3"", ""MINK1"", ""MINPP1"", ""MIOX"", ""MIP"", ""MIPEP"", ""MIPOL1"", ""MIS12"", ""MIS18A"", ""MITD1"", ""MIXL1"", ""MKKS"", ""MKNK1"", ""MKNK2"", ""MKS1"", ""MLEC"", ""MLF1"", ""MLH1"", ""MLH3"", ""MLKL"", ""MLLT1"", ""MLLT10"", ""MLLT11"", ""MLLT3"", ""MLLT6"", ""MLNR"", ""MLPH"", ""MLX"", ""MLXIP"", ""MLXIPL"", ""MLYCD"", ""MMAA"", ""MMAB"", ""MMACHC"", ""MMADHC"", ""MMGT1"", ""MMP14"", ""MMP16"", ""MMP9"", ""MMRN2"", ""MMS19"", ""MNAT1"", ""MND1"", ""MNS1"", ""MNT"", ""MOB1A"", ""MOB1B"", ""MOB2"", ""MOCS1"", ""MOCS2"", ""MOGAT2"", ""MOGAT3"", ""MOGS"", ""MON1A"", ""MON1B"", ""MON2"", ""MORC2"", ""MORC3"", ""MORC4"", ""MORF4L1"", ""MORF4L2"", ""MORN4"", ""MOSPD2"", ""MOV10"", ""MOXD1"", ""MPC1"", ""MPC2"", ""MPDU1"", ""MPDZ"", ""MPG"", ""MPHOSPH10"", ""MPHOSPH6"", ""MPHOSPH8"", ""MPHOSPH9"", ""MPIG6B"", ""MPL"", ""MPLKIP"", ""MPP1"", ""MPP2"", ""MPP3"", ""MPP7"", ""MPPE1"", ""MPRIP"", ""MPV17"", ""MPV17L"", ""MPV17L2"", ""MPZ"", ""MR1""]"
"[""MRAP2"", ""MRC1"", ""MRE11"", ""MRFAP1"", ""MRGBP"", ""MRGPRF"", ""MRI1"", ""MRM1"", ""MRM2"", ""MRM3"", ""MRNIP"", ""MRPL10"", ""MRPL11"", ""MRPL12"", ""MRPL13"", ""MRPL14"", ""MRPL15"", ""MRPL16"", ""MRPL17"", ""MRPL18"", ""MRPL19"", ""MRPL2"", ""MRPL20"", ""MRPL21"", ""MRPL22"", ""MRPL23"", ""MRPL24"", ""MRPL27"", ""MRPL28"", ""MRPL3"", ""MRPL30"", ""MRPL32"", ""MRPL33"", ""MRPL34"", ""MRPL35"", ""MRPL36"", ""MRPL37"", ""MRPL38"", ""MRPL39"", ""MRPL4"", ""MRPL40"", ""MRPL41"", ""MRPL42"", ""MRPL43"", ""MRPL44"", ""MRPL45"", ""MRPL46"", ""MRPL47"", ""MRPL48"", ""MRPL49"", ""MRPL50"", ""MRPL51"", ""MRPL52"", ""MRPL53"", ""MRPL54"", ""MRPL55"", ""MRPL57"", ""MRPL58"", ""MRPL9"", ""MRPS10"", ""MRPS11"", ""MRPS12"", ""MRPS14"", ""MRPS15"", ""MRPS16"", ""MRPS17"", ""MRPS18A"", ""MRPS18B"", ""MRPS18C"", ""MRPS2"", ""MRPS21"", ""MRPS22"", ""MRPS23"", ""MRPS25"", ""MRPS26"", ""MRPS27"", ""MRPS28"", ""MRPS30"", ""MRPS31"", ""MRPS34"", ""MRPS36"", ""MRPS5"", ""MRPS6"", ""MRPS7"", ""MRPS9"", ""MRRF"", ""MRS2"", ""MS4A4A"", ""MS4A7"", ""MSANTD4"", ""MSH2"", ""MSH3"", ""MSH6"", ""MSI2"", ""MSL1"", ""MSL3"", ""MSMP"", ""MSN"", ""MSRA"", ""MSRB3""]"
"[""MST1"", ""MST1R"", ""MSTO1"", ""MSX1"", ""MT1E"", ""MT1F"", ""MT1G"", ""MT1X"", ""MT3"", ""MTA1"", ""MTA2"", ""MTA3"", ""MTAP"", ""MTBP"", ""MTCH1"", ""MTCH2"", ""MTCL1"", ""MTDH"", ""MTERF1"", ""MTERF2"", ""MTERF3"", ""MTERF4"", ""MTF1"", ""MTF2"", ""MTFMT"", ""MTFP1"", ""MTFR1"", ""MTG1"", ""MTG2"", ""MTHFD1"", ""MTHFD1L"", ""MTHFD2"", ""MTHFR"", ""MTIF2"", ""MTIF3"", ""MTMR1"", ""MTMR10"", ""MTMR11"", ""MTMR12"", ""MTMR14"", ""MTMR2"", ""MTMR3"", ""MTMR4"", ""MTMR6"", ""MTMR7"", ""MTMR8"", ""MTMR9"", ""MTPAP"", ""MTR"", ""MTREX"", ""MTRF1"", ""MTRF1L"", ""MTRR"", ""MTSS1"", ""MTTP"", ""MTURN"", ""MTUS1"", ""MTUS2"", ""MTX2"", ""MUC1"", ""MUC2"", ""MUC20"", ""MUC5AC"", ""MUC5B"", ""MUS81"", ""MUSK"", ""MUTYH"", ""MVB12B"", ""MVD"", ""MVK"", ""MVP"", ""MX1"", ""MX2"", ""MXD1"", ""MXI1"", ""MXRA7"", ""MYADM"", ""MYADML2"", ""MYB"", ""MYBBP1A"", ""MYBL1"", ""MYBL2"", ""MYBPC1"", ""MYBPC3"", ""MYBPHL"", ""MYCBPAP"", ""MYCL"", ""MYCN"", ""MYCNOS"", ""MYCT1"", ""MYD88"", ""MYDGF"", ""MYEF2"", ""MYH10"", ""MYH14"", ""MYH15"", ""MYH7"", ""MYL12B"", ""MYL3"", ""MYL6""]"
"[""MYL7"", ""MYLK"", ""MYLK2"", ""MYMK"", ""MYNN"", ""MYO10"", ""MYO16"", ""MYO18A"", ""MYO19"", ""MYO1B"", ""MYO1C"", ""MYO1E"", ""MYO1F"", ""MYO3A"", ""MYO5B"", ""MYO9B"", ""MYOF"", ""MYOG"", ""MYOT"", ""MYRF"", ""MYSM1"", ""MYT1"", ""MZF1"", ""MZT1"", ""MZT2A"", ""MZT2B"", ""N4BP1"", ""N4BP2"", ""N4BP2L2"", ""N6AMT1"", ""NAA10"", ""NAA11"", ""NAA15"", ""NAA16"", ""NAA20"", ""NAA25"", ""NAA30"", ""NAA35"", ""NAA38"", ""NAA40"", ""NAA50"", ""NAA60"", ""NAALADL2"", ""NAB2"", ""NABP1"", ""NABP2"", ""NACC1"", ""NACC2"", ""NADK"", ""NADK2"", ""NAF1"", ""NAGK"", ""NAGS"", ""NAIF1"", ""NAIP"", ""NALCN"", ""NAMPT"", ""NANOG"", ""NANOS1"", ""NANOS3"", ""NANP"", ""NAP1L1"", ""NAP1L4"", ""NAPEPLD"", ""NARF"", ""NARS2"", ""NASP"", ""NAT10"", ""NAT8L"", ""NAT9"", ""NAV2"", ""NAV3"", ""NAXE"", ""NBAS"", ""NBDY"", ""NBEAL2"", ""NBN"", ""NCALD"", ""NCAM1"", ""NCAM2"", ""NCAPD2"", ""NCAPD3"", ""NCAPG2"", ""NCAPH"", ""NCAPH2"", ""NCBP1"", ""NCBP2"", ""NCBP3"", ""NCDN"", ""NCK1"", ""NCK2"", ""NCKAP1"", ""NCKAP5L"", ""NCL"", ""NCLN"", ""NCOA1"", ""NCOA2"", ""NCOA3"", ""NCOA5"", ""NCOA6""]"
"[""NCOA7"", ""NCOR1"", ""NCOR2"", ""NCS1"", ""NDC1"", ""NDE1"", ""NDFIP1"", ""NDFIP2"", ""NDN"", ""NDNF"", ""NDOR1"", ""NDRG1"", ""NDRG2"", ""NDRG3"", ""NDRG4"", ""NDST1"", ""NDST3"", ""NDUFA1"", ""NDUFA10"", ""NDUFA11"", ""NDUFA12"", ""NDUFA13"", ""NDUFA2"", ""NDUFA3"", ""NDUFA4"", ""NDUFA5"", ""NDUFA6"", ""NDUFA7"", ""NDUFA8"", ""NDUFA9"", ""NDUFAB1"", ""NDUFAF1"", ""NDUFAF2"", ""NDUFAF3"", ""NDUFAF4"", ""NDUFAF5"", ""NDUFAF6"", ""NDUFAF7"", ""NDUFAF8"", ""NDUFB1"", ""NDUFB10"", ""NDUFB11"", ""NDUFB2"", ""NDUFB3"", ""NDUFB4"", ""NDUFB5"", ""NDUFB6"", ""NDUFB7"", ""NDUFB8"", ""NDUFB9"", ""NDUFC1"", ""NDUFS1"", ""NDUFS3"", ""NDUFS4"", ""NDUFS5"", ""NDUFS6"", ""NDUFS7"", ""NDUFS8"", ""NDUFV1"", ""NDUFV2"", ""NDUFV3"", ""NEB"", ""NEBL"", ""NECAB1"", ""NECAB2"", ""NECAB3"", ""NECTIN1"", ""NECTIN2"", ""NEDD9"", ""NEFH"", ""NEFL"", ""NEFM"", ""NEIL1"", ""NEIL2"", ""NEK1"", ""NEK10"", ""NEK11"", ""NEK4"", ""NEK7"", ""NEK8"", ""NEK9"", ""NELFA"", ""NELFB"", ""NELFCD"", ""NELFE"", ""NELL1"", ""NEMF"", ""NENF"", ""NEO1"", ""NES"", ""NET1"", ""NETO1"", ""NEUROD1"", ""NEUROD2"", ""NEUROG1"", ""NEUROG3"", ""NEXMIF"", ""NEXN"", ""NF1"", ""NF2""]"
"[""NFASC"", ""NFAT5"", ""NFATC1"", ""NFATC3"", ""NFATC4"", ""NFE2L1"", ""NFIA"", ""NFIB"", ""NFIC"", ""NFIL3"", ""NFIX"", ""NFKB1"", ""NFKBIE"", ""NFKBIL1"", ""NFKBIZ"", ""NFRKB"", ""NFS1"", ""NFU1"", ""NFYA"", ""NFYB"", ""NFYC"", ""NGDN"", ""NGLY1"", ""NGRN"", ""NHEJ1"", ""NHLRC2"", ""NHP2"", ""NHS"", ""NICN1"", ""NID2"", ""NIF3L1"", ""NIFK"", ""NIM1K"", ""NIN"", ""NINJ1"", ""NINL"", ""NIP7"", ""NIPBL"", ""NIPSNAP2"", ""NISCH"", ""NIT2"", ""NKAP"", ""NKD1"", ""NKIRAS1"", ""NKRF"", ""NKTR"", ""NKX2-3"", ""NKX2-5"", ""NKX2-6"", ""NKX2-8"", ""NKX3-1"", ""NKX6-2"", ""NKX6-3"", ""NLE1"", ""NLGN1"", ""NLGN2"", ""NLGN3"", ""NLGN4X"", ""NLRC3"", ""NLRC5"", ""NLRP3"", ""NLRP9"", ""NLRX1"", ""NMBR"", ""NMD3"", ""NME1"", ""NME4"", ""NME6"", ""NME7"", ""NMI"", ""NMNAT1"", ""NMNAT2"", ""NMNAT3"", ""NMRAL1"", ""NMT1"", ""NMT2"", ""NMU"", ""NMUR1"", ""NNMT"", ""NNT"", ""NOA1"", ""NOC2L"", ""NOC3L"", ""NOC4L"", ""NOL10"", ""NOL11"", ""NOL3"", ""NOL4L"", ""NOL6"", ""NOL7"", ""NOL8"", ""NOL9"", ""NOLC1"", ""NOM1"", ""NOMO1"", ""NONO"", ""NOP10"", ""NOP14"", ""NOP16"", ""NOP2""]"
"[""NOP53"", ""NOP56"", ""NOP58"", ""NOS1"", ""NOS1AP"", ""NOS2"", ""NOS3"", ""NOTCH1"", ""NOTCH2"", ""NOTCH4"", ""NOTUM"", ""NOVA1"", ""NOVA2"", ""NOXA1"", ""NOXO1"", ""NPAP1"", ""NPAS2"", ""NPAS3"", ""NPAT"", ""NPB"", ""NPBWR1"", ""NPC1L1"", ""NPEPPS"", ""NPFFR2"", ""NPHP1"", ""NPHP4"", ""NPHS1"", ""NPHS2"", ""NPL"", ""NPM1"", ""NPM2"", ""NPM3"", ""NPPA"", ""NPPB"", ""NPPC"", ""NPR2"", ""NPR3"", ""NPTX1"", ""NPTX2"", ""NPTXR"", ""NPW"", ""NPY"", ""NPY2R"", ""NPY4R"", ""NQO1"", ""NQO2"", ""NR0B1"", ""NR1D1"", ""NR1D2"", ""NR1H2"", ""NR1H3"", ""NR2C1"", ""NR2C2"", ""NR2C2AP"", ""NR2E1"", ""NR2F1"", ""NR2F2"", ""NR2F6"", ""NR3C1"", ""NR3C2"", ""NR4A1"", ""NR4A2"", ""NRARP"", ""NRAS"", ""NRBF2"", ""NRBP1"", ""NRCAM"", ""NRDC"", ""NRDE2"", ""NRF1"", ""NRG1"", ""NRG3"", ""NRG4"", ""NRIP1"", ""NRIP2"", ""NRL"", ""NRM"", ""NRP1"", ""NRROS"", ""NRSN2"", ""NRXN1"", ""NSD1"", ""NSD2"", ""NSD3"", ""NSDHL"", ""NSL1"", ""NSMCE3"", ""NSMCE4A"", ""NSMF"", ""NSRP1"", ""NSUN2"", ""NSUN3"", ""NSUN4"", ""NSUN5"", ""NSUN6"", ""NT5C"", ""NT5C3A"", ""NT5DC3"", ""NT5E"", ""NTAN1""]"
"[""NTHL1"", ""NTMT1"", ""NTN1"", ""NTNG1"", ""NTRK2"", ""NTRK3"", ""NTSR1"", ""NUAK1"", ""NUB1"", ""NUBP1"", ""NUBPL"", ""NUCB1"", ""NUCB2"", ""NUCKS1"", ""NUDC"", ""NUDCD1"", ""NUDCD2"", ""NUDCD3"", ""NUDT1"", ""NUDT10"", ""NUDT11"", ""NUDT12"", ""NUDT15"", ""NUDT16"", ""NUDT16L1"", ""NUDT18"", ""NUDT21"", ""NUDT22"", ""NUDT4"", ""NUDT5"", ""NUDT6"", ""NUDT9"", ""NUFIP1"", ""NUFIP2"", ""NUMA1"", ""NUMB"", ""NUMBL"", ""NUP107"", ""NUP133"", ""NUP153"", ""NUP155"", ""NUP160"", ""NUP188"", ""NUP205"", ""NUP210"", ""NUP214"", ""NUP35"", ""NUP37"", ""NUP43"", ""NUP50"", ""NUP54"", ""NUP58"", ""NUP62"", ""NUP85"", ""NUP88"", ""NUP93"", ""NUP98"", ""NUPR1"", ""NUPR2"", ""NUS1"", ""NUTF2"", ""NVL"", ""NWD1"", ""NXF1"", ""NXF3"", ""NXT1"", ""NXT2"", ""OARD1"", ""OAS1"", ""OAS3"", ""OAT"", ""OAZ1"", ""OAZ2"", ""OAZ3"", ""OBSCN"", ""OBSL1"", ""ODC1"", ""ODF2"", ""ODF2L"", ""OFD1"", ""OGDH"", ""OGDHL"", ""OGFOD1"", ""OGG1"", ""OGT"", ""OLA1"", ""OLFM1"", ""OLFM2"", ""OLIG2"", ""OLR1"", ""OMA1"", ""ONECUT1"", ""ONECUT2"", ""OPA1"", ""OPA3"", ""OPALIN"", ""OPHN1"", ""OPN3"", ""OPN4"", ""OPRK1""]"
"[""OPRL1"", ""OPRM1"", ""OPTN"", ""ORAI1"", ""ORC2"", ""ORC3"", ""ORC4"", ""ORC5"", ""ORC6"", ""ORM1"", ""ORMDL1"", ""ORMDL2"", ""ORMDL3"", ""OSBP"", ""OSBP2"", ""OSBPL10"", ""OSBPL11"", ""OSBPL1A"", ""OSBPL2"", ""OSBPL3"", ""OSBPL5"", ""OSBPL6"", ""OSBPL8"", ""OSBPL9"", ""OSCAR"", ""OSCP1"", ""OSGEP"", ""OSGEPL1"", ""OSR2"", ""OST4"", ""OSTC"", ""OTUB2"", ""OTUD1"", ""OTUD3"", ""OTUD4"", ""OTUD5"", ""OTUD6A"", ""OTUD6B"", ""OTUD7A"", ""OTUD7B"", ""OTX1"", ""OVGP1"", ""OVOL2"", ""OXA1L"", ""OXCT1"", ""OXCT2"", ""OXER1"", ""OXSM"", ""OXSR1"", ""P2RX2"", ""P2RX3"", ""P2RX5"", ""P2RX6"", ""P2RY1"", ""P2RY12"", ""P2RY6"", ""P3H1"", ""P3H2"", ""P3H3"", ""P3H4"", ""P4HA1"", ""P4HA2"", ""P4HB"", ""P4HTM"", ""PAAF1"", ""PABPC1"", ""PABPC3"", ""PABPC4"", ""PACS2"", ""PACSIN1"", ""PACSIN2"", ""PACSIN3"", ""PAF1"", ""PAFAH1B1"", ""PAFAH1B2"", ""PAFAH1B3"", ""PAG1"", ""PAGR1"", ""PAICS"", ""PAIP1"", ""PAIP2"", ""PAIP2B"", ""PAK1"", ""PAK1IP1"", ""PAK2"", ""PAK3"", ""PAK4"", ""PAK5"", ""PALB2"", ""PALD1"", ""PALLD"", ""PALM"", ""PALM3"", ""PAM"", ""PAN2"", ""PAN3"", ""PANK1"", ""PANK2"", ""PANK3"", ""PANX1""]"
"[""PANX2"", ""PAOX"", ""PAPOLA"", ""PAPOLG"", ""PAPSS1"", ""PAQR3"", ""PAQR8"", ""PARD3"", ""PARD3B"", ""PARD6A"", ""PARD6B"", ""PARG"", ""PARK7"", ""PARL"", ""PARM1"", ""PARN"", ""PARP10"", ""PARP11"", ""PARP12"", ""PARP14"", ""PARP16"", ""PARP2"", ""PARP3"", ""PARP4"", ""PARP6"", ""PARP8"", ""PARPBP"", ""PARVA"", ""PARVB"", ""PASK"", ""PATE2"", ""PATJ"", ""PATL1"", ""PAWR"", ""PAX4"", ""PAX8"", ""PAX9"", ""PAXIP1"", ""PAXX"", ""PBLD"", ""PBRM1"", ""PBX1"", ""PBX2"", ""PBXIP1"", ""PC"", ""PCBD1"", ""PCBD2"", ""PCBP1"", ""PCBP4"", ""PCCA"", ""PCCB"", ""PCDH1"", ""PCDH15"", ""PCDH7"", ""PCF11"", ""PCID2"", ""PCIF1"", ""PCK2"", ""PCM1"", ""PCMT1"", ""PCNA"", ""PCNP"", ""PCNT"", ""PCOLCE"", ""PCOLCE2"", ""PCP4"", ""PCSK1"", ""PCSK2"", ""PCSK4"", ""PCSK5"", ""PCSK6"", ""PCSK7"", ""PCTP"", ""PCYT1A"", ""PCYT1B"", ""PDAP1"", ""PDCD1"", ""PDCD10"", ""PDCD11"", ""PDCD2"", ""PDCD4"", ""PDCD5"", ""PDCD6IP"", ""PDCD7"", ""PDCL"", ""PDCL3"", ""PDE10A"", ""PDE11A"", ""PDE12"", ""PDE1A"", ""PDE1B"", ""PDE2A"", ""PDE3A"", ""PDE3B"", ""PDE4A"", ""PDE4B"", ""PDE4C"", ""PDE4D"", ""PDE4DIP"", ""PDE5A""]"
"[""PDE6D"", ""PDE7A"", ""PDE7B"", ""PDE8A"", ""PDE9A"", ""PDGFA"", ""PDGFB"", ""PDGFC"", ""PDGFRA"", ""PDHA1"", ""PDHB"", ""PDHX"", ""PDIA2"", ""PDIA3"", ""PDIA4"", ""PDIA5"", ""PDIA6"", ""PDIK1L"", ""PDK1"", ""PDK2"", ""PDK3"", ""PDK4"", ""PDLIM3"", ""PDLIM4"", ""PDLIM5"", ""PDLIM7"", ""PDP1"", ""PDPK1"", ""PDPN"", ""PDS5A"", ""PDS5B"", ""PDSS1"", ""PDSS2"", ""PDXDC1"", ""PDXK"", ""PDXP"", ""PDYN"", ""PDZD2"", ""PDZD7"", ""PDZD8"", ""PEA15"", ""PEAK1"", ""PECAM1"", ""PECR"", ""PEG10"", ""PELO"", ""PELP1"", ""PEMT"", ""PEPD"", ""PER2"", ""PERM1"", ""PERP"", ""PES1"", ""PEX1"", ""PEX11A"", ""PEX11B"", ""PEX11G"", ""PEX13"", ""PEX14"", ""PEX16"", ""PEX19"", ""PEX26"", ""PEX3"", ""PEX5"", ""PEX5L"", ""PEX6"", ""PEX7"", ""PFAS"", ""PFDN1"", ""PFDN2"", ""PFDN4"", ""PFDN5"", ""PFDN6"", ""PFKFB2"", ""PFKFB3"", ""PFKL"", ""PFKM"", ""PFKP"", ""PFN1"", ""PFN2"", ""PGAM1"", ""PGAM4"", ""PGAM5"", ""PGAP3"", ""PGBD5"", ""PGD"", ""PGGHG"", ""PGGT1B"", ""PGK1"", ""PGLS"", ""PGM1"", ""PGM2"", ""PGM2L1"", ""PGM3"", ""PGP"", ""PGRMC1"", ""PGRMC2"", ""PGS1"", ""PHACTR3"", ""PHAX""]"
"[""PHB2"", ""PHF1"", ""PHF10"", ""PHF12"", ""PHF13"", ""PHF14"", ""PHF19"", ""PHF2"", ""PHF20"", ""PHF21A"", ""PHF23"", ""PHF5A"", ""PHF6"", ""PHF8"", ""PHIP"", ""PHKG2"", ""PHLDA1"", ""PHLDA3"", ""PHLDB1"", ""PHLDB2"", ""PHLPP1"", ""PHLPP2"", ""PHOSPHO1"", ""PHOX2A"", ""PHPT1"", ""PHTF2"", ""PHYH"", ""PHYHD1"", ""PHYHIP"", ""PHYHIPL"", ""PI3"", ""PI4K2B"", ""PI4KA"", ""PIBF1"", ""PICALM"", ""PICK1"", ""PID1"", ""PIDD1"", ""PIEZO1"", ""PIF1"", ""PIGA"", ""PIGB"", ""PIGC"", ""PIGG"", ""PIGH"", ""PIGK"", ""PIGN"", ""PIGP"", ""PIGQ"", ""PIGS"", ""PIGT"", ""PIGU"", ""PIGV"", ""PIGZ"", ""PIH1D1"", ""PIK3C2A"", ""PIK3C2B"", ""PIK3CA"", ""PIK3CB"", ""PIK3IP1"", ""PIK3R1"", ""PIK3R2"", ""PIK3R5"", ""PILRA"", ""PIM1"", ""PIM2"", ""PIM3"", ""PIN1"", ""PIN4"", ""PINX1"", ""PIP"", ""PIP4K2C"", ""PIP5K1A"", ""PIP5K1B"", ""PIP5K1C"", ""PIP5KL1"", ""PIPOX"", ""PIR"", ""PISD"", ""PITHD1"", ""PITPNA"", ""PITPNB"", ""PITPNC1"", ""PITPNM1"", ""PITPNM2"", ""PITRM1"", ""PITX3"", ""PIWIL4"", ""PKD1"", ""PKD2"", ""PKD2L1"", ""PKDCC"", ""PKIA"", ""PKM"", ""PKMYT1"", ""PKN1"", ""PKN2"", ""PKNOX1"", ""PKNOX2"", ""PKP1""]"
"[""PKP2"", ""PKP3"", ""PKP4"", ""PLA2G2D"", ""PLA2G4A"", ""PLA2G4C"", ""PLA2G6"", ""PLA2G7"", ""PLA2R1"", ""PLAA"", ""PLAG1"", ""PLAGL1"", ""PLAGL2"", ""PLAT"", ""PLAU"", ""PLAUR"", ""PLCB1"", ""PLCB2"", ""PLCD1"", ""PLCD3"", ""PLCD4"", ""PLCE1"", ""PLCG1"", ""PLCG2"", ""PLCH1"", ""PLCH2"", ""PLCL2"", ""PLD6"", ""PLEC"", ""PLEKHA1"", ""PLEKHA2"", ""PLEKHA3"", ""PLEKHA4"", ""PLEKHA5"", ""PLEKHA7"", ""PLEKHA8"", ""PLEKHB1"", ""PLEKHB2"", ""PLEKHG1"", ""PLEKHG3"", ""PLEKHG6"", ""PLEKHH2"", ""PLEKHN1"", ""PLG"", ""PLIN2"", ""PLIN3"", ""PLIN4"", ""PLIN5"", ""PLK2"", ""PLK3"", ""PLK5"", ""PLN"", ""PLOD1"", ""PLOD2"", ""PLOD3"", ""PLP1"", ""PLP2"", ""PLPBP"", ""PLPP1"", ""PLPP2"", ""PLPP3"", ""PLPP4"", ""PLPP5"", ""PLPP6"", ""PLPPR1"", ""PLPPR4"", ""PLRG1"", ""PLS3"", ""PLSCR1"", ""PLSCR4"", ""PLTP"", ""PLVAP"", ""PLXDC1"", ""PLXNA1"", ""PLXNB1"", ""PLXNB2"", ""PLXNB3"", ""PLXND1"", ""PM20D2"", ""PMAIP1"", ""PMEL"", ""PMEPA1"", ""PMF1"", ""PMFBP1"", ""PMM1"", ""PMM2"", ""PMP2"", ""PMP22"", ""PMPCA"", ""PMPCB"", ""PMS1"", ""PMS2"", ""PMVK"", ""PNISR"", ""PNKD"", ""PNKP"", ""PNLDC1"", ""PNMA1"", ""PNMT"", ""PNN""]"
"[""PNO1"", ""PNP"", ""PNPLA1"", ""PNPLA2"", ""PNPLA3"", ""PNPLA4"", ""PNPLA6"", ""PNPLA8"", ""PNPO"", ""PNPT1"", ""PNRC2"", ""POC1A"", ""POC1B"", ""POC5"", ""PODXL"", ""PODXL2"", ""POFUT2"", ""POGK"", ""POGLUT1"", ""POGZ"", ""POLA1"", ""POLA2"", ""POLB"", ""POLD1"", ""POLD2"", ""POLD3"", ""POLD4"", ""POLDIP2"", ""POLDIP3"", ""POLE2"", ""POLE3"", ""POLE4"", ""POLG"", ""POLG2"", ""POLH"", ""POLI"", ""POLK"", ""POLL"", ""POLN"", ""POLR1A"", ""POLR1B"", ""POLR1C"", ""POLR1E"", ""POLR2B"", ""POLR2C"", ""POLR2D"", ""POLR2E"", ""POLR2F"", ""POLR2G"", ""POLR2H"", ""POLR2I"", ""POLR2J"", ""POLR2K"", ""POLR2L"", ""POLR3A"", ""POLR3B"", ""POLR3C"", ""POLR3D"", ""POLR3E"", ""POLR3F"", ""POLR3G"", ""POLR3GL"", ""POLR3H"", ""POLRMT"", ""POM121"", ""POMC"", ""POMGNT1"", ""POMGNT2"", ""POMK"", ""POMP"", ""POMT1"", ""POMT2"", ""POMZP3"", ""PON2"", ""PON3"", ""POP1"", ""POP4"", ""POP5"", ""POP7"", ""POPDC2"", ""POR"", ""POT1"", ""POU2AF1"", ""POU2F1"", ""POU2F2"", ""POU3F1"", ""POU3F2"", ""POU3F3"", ""POU3F4"", ""POU6F1"", ""PPA2"", ""PPARA"", ""PPARD"", ""PPARG"", ""PPARGC1B"", ""PPCDC"", ""PPCS"", ""PPFIA1"", ""PPFIA2"", ""PPFIA3""]"
"[""PPFIBP1"", ""PPFIBP2"", ""PPHLN1"", ""PPIA"", ""PPIB"", ""PPIC"", ""PPID"", ""PPIE"", ""PPIF"", ""PPIG"", ""PPIH"", ""PPIL1"", ""PPIL3"", ""PPIL4"", ""PPIL6"", ""PPIP5K1"", ""PPIP5K2"", ""PPM1A"", ""PPM1B"", ""PPM1D"", ""PPM1E"", ""PPM1F"", ""PPM1G"", ""PPM1H"", ""PPM1K"", ""PPME1"", ""PPOX"", ""PPP1CA"", ""PPP1CB"", ""PPP1CC"", ""PPP1R10"", ""PPP1R12A"", ""PPP1R13B"", ""PPP1R13L"", ""PPP1R15A"", ""PPP1R15B"", ""PPP1R16B"", ""PPP1R1B"", ""PPP1R21"", ""PPP1R35"", ""PPP1R3B"", ""PPP1R3F"", ""PPP1R7"", ""PPP1R8"", ""PPP1R9B"", ""PPP2CA"", ""PPP2R1A"", ""PPP2R1B"", ""PPP2R2A"", ""PPP2R3A"", ""PPP2R3B"", ""PPP2R3C"", ""PPP2R5A"", ""PPP2R5C"", ""PPP2R5D"", ""PPP2R5E"", ""PPP3CA"", ""PPP3CC"", ""PPP3R1"", ""PPP3R2"", ""PPP4C"", ""PPP4R2"", ""PPP4R3A"", ""PPP4R3B"", ""PPP4R4"", ""PPP5C"", ""PPP6C"", ""PPP6R1"", ""PPP6R2"", ""PPP6R3"", ""PPRC1"", ""PPWD1"", ""PQBP1"", ""PRAC1"", ""PRADC1"", ""PRAG1"", ""PRAM1"", ""PRC1"", ""PRCC"", ""PRDM1"", ""PRDM10"", ""PRDM11"", ""PRDM12"", ""PRDM16"", ""PRDM2"", ""PRDM4"", ""PRDM5"", ""PRDM6"", ""PRDM8"", ""PRDX1"", ""PRDX2"", ""PRDX3"", ""PRDX4"", ""PREB"", ""PRELID1"", ""PRELID3A"", ""PREP"", ""PREX1"", ""PREX2"", ""PRICKLE1""]"
"[""PRICKLE2"", ""PRICKLE3"", ""PRIM1"", ""PRIM2"", ""PRIMPOL"", ""PRKAA1"", ""PRKAA2"", ""PRKAB1"", ""PRKAB2"", ""PRKAG1"", ""PRKAG2"", ""PRKAR1B"", ""PRKCB"", ""PRKCE"", ""PRKCG"", ""PRKCH"", ""PRKCI"", ""PRKCQ"", ""PRKCSH"", ""PRKCZ"", ""PRKD1"", ""PRKD2"", ""PRKD3"", ""PRKDC"", ""PRKG1"", ""PRKRA"", ""PRKRIP1"", ""PRKX"", ""PRLHR"", ""PRM2"", ""PRMT1"", ""PRMT2"", ""PRMT3"", ""PRMT5"", ""PRMT6"", ""PRMT7"", ""PRMT8"", ""PRMT9"", ""PRNP"", ""PRODH"", ""PROP1"", ""PROS1"", ""PROSER3"", ""PROX1"", ""PRPF3"", ""PRPF31"", ""PRPF38A"", ""PRPF4"", ""PRPF40A"", ""PRPF4B"", ""PRPF6"", ""PRPF8"", ""PRPS1"", ""PRR11"", ""PRR13"", ""PRR14"", ""PRR16"", ""PRR5"", ""PRRC2A"", ""PRRC2C"", ""PRRG2"", ""PRRT2"", ""PRRX1"", ""PRRX2"", ""PRSS23"", ""PRSS3"", ""PRSS36"", ""PRSS50"", ""PRSS8"", ""PRTFDC1"", ""PRUNE2"", ""PRX"", ""PSAT1"", ""PSD"", ""PSENEN"", ""PSIP1"", ""PSKH1"", ""PSMA1"", ""PSMA2"", ""PSMA4"", ""PSMA5"", ""PSMA6"", ""PSMA7"", ""PSMB1"", ""PSMB2"", ""PSMB3"", ""PSMB4"", ""PSMB5"", ""PSMB6"", ""PSMB7"", ""PSMB8"", ""PSMB9"", ""PSMC1"", ""PSMC2"", ""PSMC3"", ""PSMC3IP"", ""PSMC4"", ""PSMC5"", ""PSMC6"", ""PSMD10""]"
"[""PSMD11"", ""PSMD12"", ""PSMD13"", ""PSMD14"", ""PSMD2"", ""PSMD3"", ""PSMD4"", ""PSMD5"", ""PSMD6"", ""PSMD7"", ""PSMD8"", ""PSME3"", ""PSME4"", ""PSMF1"", ""PSMG1"", ""PSMG2"", ""PSMG3"", ""PSPC1"", ""PSPH"", ""PSRC1"", ""PSTPIP1"", ""PTAFR"", ""PTBP2"", ""PTBP3"", ""PTCD2"", ""PTCD3"", ""PTCH1"", ""PTCHD1"", ""PTDSS1"", ""PTDSS2"", ""PTGER3"", ""PTGER4"", ""PTGES"", ""PTGES3"", ""PTGIR"", ""PTGIS"", ""PTGR1"", ""PTGR2"", ""PTGS2"", ""PTH1R"", ""PTHLH"", ""PTK2"", ""PTMA"", ""PTN"", ""PTOV1"", ""PTP4A1"", ""PTP4A2"", ""PTP4A3"", ""PTPA"", ""PTPDC1"", ""PTPMT1"", ""PTPN1"", ""PTPN12"", ""PTPN13"", ""PTPN14"", ""PTPN2"", ""PTPN20"", ""PTPN23"", ""PTPN3"", ""PTPN4"", ""PTPN5"", ""PTPN9"", ""PTPRA"", ""PTPRB"", ""PTPRC"", ""PTPRCAP"", ""PTPRD"", ""PTPRE"", ""PTPRF"", ""PTPRG"", ""PTPRH"", ""PTPRJ"", ""PTPRK"", ""PTPRM"", ""PTPRN2"", ""PTPRO"", ""PTPRR"", ""PTPRS"", ""PTPRT"", ""PTPRU"", ""PTPRZ1"", ""PTRH1"", ""PTRH2"", ""PTS"", ""PTTG1"", ""PTTG1IP"", ""PTX3"", ""PUF60"", ""PUM1"", ""PUM2"", ""PUM3"", ""PURA"", ""PURB"", ""PUS1"", ""PUS7"", ""PUS7L"", ""PUSL1"", ""PVR"", ""PVRIG"", ""PWP1""]"
"[""PWP2"", ""PWWP2A"", ""PWWP2B"", ""PXDN"", ""PXMP4"", ""PXN"", ""PXYLP1"", ""PYCR1"", ""PYCR2"", ""PYCR3"", ""PYDC1"", ""PYGL"", ""PYGM"", ""PYGO1"", ""PYGO2"", ""PYM1"", ""PYROXD1"", ""QDPR"", ""QPCT"", ""QPCTL"", ""QPRT"", ""QRFP"", ""QRFPR"", ""QRICH1"", ""QRSL1"", ""QSOX1"", ""QSOX2"", ""QTRT1"", ""QTRT2"", ""RAB10"", ""RAB11A"", ""RAB11B"", ""RAB11FIP1"", ""RAB11FIP2"", ""RAB11FIP3"", ""RAB11FIP4"", ""RAB11FIP5"", ""RAB13"", ""RAB15"", ""RAB18"", ""RAB1A"", ""RAB1B"", ""RAB21"", ""RAB22A"", ""RAB23"", ""RAB24"", ""RAB26"", ""RAB27B"", ""RAB28"", ""RAB29"", ""RAB2B"", ""RAB30"", ""RAB31"", ""RAB32"", ""RAB33B"", ""RAB35"", ""RAB39B"", ""RAB3B"", ""RAB3C"", ""RAB3GAP1"", ""RAB3GAP2"", ""RAB3IL1"", ""RAB3IP"", ""RAB40A"", ""RAB40AL"", ""RAB40B"", ""RAB40C"", ""RAB4A"", ""RAB5A"", ""RAB5B"", ""RAB6A"", ""RAB6B"", ""RAB6D"", ""RAB8A"", ""RAB8B"", ""RABEP1"", ""RABEP2"", ""RABEPK"", ""RABGAP1"", ""RABGAP1L"", ""RABIF"", ""RABL6"", ""RAC1"", ""RAC2"", ""RAC3"", ""RACGAP1"", ""RACK1"", ""RAD1"", ""RAD17"", ""RAD21"", ""RAD23A"", ""RAD23B"", ""RAD50"", ""RAD51C"", ""RAD51D"", ""RAD52"", ""RAD54B"", ""RAD54L"", ""RAD9A"", ""RADIL""]"
"[""RAE1"", ""RAF1"", ""RAI1"", ""RAI14"", ""RALBP1"", ""RALGAPA2"", ""RALGDS"", ""RALGPS1"", ""RALY"", ""RALYL"", ""RAMP1"", ""RAN"", ""RANBP1"", ""RANBP3"", ""RANGRF"", ""RAP1A"", ""RAP1GAP"", ""RAP1GAP2"", ""RAP1GDS1"", ""RAP2A"", ""RAP2B"", ""RAP2C"", ""RAPGEF1"", ""RAPGEF2"", ""RAPGEF3"", ""RAPGEF5"", ""RAPGEF6"", ""RAPH1"", ""RAPSN"", ""RARA"", ""RARB"", ""RARG"", ""RARRES2"", ""RASA1"", ""RASA3"", ""RASAL1"", ""RASAL3"", ""RASGEF1A"", ""RASGEF1B"", ""RASGRF2"", ""RASGRP2"", ""RASGRP3"", ""RASGRP4"", ""RASIP1"", ""RASSF1"", ""RASSF2"", ""RASSF3"", ""RASSF7"", ""RAX2"", ""RBAK"", ""RBBP4"", ""RBBP5"", ""RBBP7"", ""RBBP8"", ""RBBP9"", ""RBFOX1"", ""RBFOX2"", ""RBL1"", ""RBL2"", ""RBM10"", ""RBM11"", ""RBM12"", ""RBM14"", ""RBM15"", ""RBM15B"", ""RBM17"", ""RBM18"", ""RBM19"", ""RBM22"", ""RBM23"", ""RBM24"", ""RBM25"", ""RBM28"", ""RBM3"", ""RBM34"", ""RBM38"", ""RBM39"", ""RBM4"", ""RBM45"", ""RBM48"", ""RBM4B"", ""RBM5"", ""RBM7"", ""RBM8A"", ""RBMS1"", ""RBMS3"", ""RBMX"", ""RBMX2"", ""RBP1"", ""RBP4"", ""RBPJ"", ""RBPMS"", ""RBPMS2"", ""RCBTB1"", ""RCC1"", ""RCC1L"", ""RCC2"", ""RCCD1"", ""RCL1"", ""RCN1""]"
"[""RCN2"", ""RCN3"", ""RCOR1"", ""RCOR3"", ""RCSD1"", ""RDH10"", ""RDH11"", ""RDH12"", ""RDH13"", ""RDH16"", ""RDH5"", ""RDM1"", ""RDX"", ""RECK"", ""RECQL"", ""RECQL4"", ""RECQL5"", ""REEP1"", ""REEP2"", ""REEP4"", ""REEP5"", ""REEP6"", ""REL"", ""RELB"", ""RELL1"", ""RELL2"", ""RELN"", ""RELT"", ""RENBP"", ""REP15"", ""REPIN1"", ""REPS1"", ""RER1"", ""RERE"", ""RERG"", ""REST"", ""RET"", ""RETREG1"", ""RETREG3"", ""REV1"", ""REV3L"", ""REXO2"", ""REXO4"", ""REXO5"", ""RFC1"", ""RFC2"", ""RFC3"", ""RFC4"", ""RFC5"", ""RFK"", ""RFLNB"", ""RFTN1"", ""RFX1"", ""RFX2"", ""RFX3"", ""RFX4"", ""RFX5"", ""RFX7"", ""RFXANK"", ""RFXAP"", ""RGCC"", ""RGMA"", ""RGN"", ""RGS1"", ""RGS10"", ""RGS11"", ""RGS12"", ""RGS14"", ""RGS16"", ""RGS2"", ""RGS22"", ""RGS3"", ""RGS4"", ""RGS5"", ""RGS6"", ""RGS7"", ""RGS8"", ""RHBDD1"", ""RHBDF1"", ""RHBDF2"", ""RHBDL2"", ""RHCE"", ""RHCG"", ""RHEBL1"", ""RHNO1"", ""RHO"", ""RHOA"", ""RHOC"", ""RHOF"", ""RHOG"", ""RHOJ"", ""RHOQ"", ""RHOT1"", ""RHOT2"", ""RHPN2"", ""RIC1"", ""RIC3"", ""RICTOR"", ""RIDA"", ""RIF1""]"
"[""RILPL1"", ""RILPL2"", ""RIMS1"", ""RIMS2"", ""RIN1"", ""RIN3"", ""RINT1"", ""RIOK1"", ""RIOK2"", ""RIOK3"", ""RIOX1"", ""RIOX2"", ""RIPK2"", ""RIPOR1"", ""RIPOR2"", ""RIT1"", ""RIT2"", ""RITA1"", ""RLBP1"", ""RMDN1"", ""RMDN2"", ""RMDN3"", ""RMI1"", ""RMI2"", ""RMND1"", ""RNASE1"", ""RNASEH1"", ""RNASEH2A"", ""RNASEH2B"", ""RNASEH2C"", ""RNASEL"", ""RND1"", ""RNF141"", ""RNF24"", ""RNGTT"", ""RNH1"", ""RNLS"", ""RNMT"", ""RNPC3"", ""RNPEPL1"", ""RNPS1"", ""ROBO1"", ""ROBO2"", ""ROCK1"", ""ROGDI"", ""ROMO1"", ""ROPN1L"", ""ROR1"", ""RORA"", ""RORB"", ""RORC"", ""RP2"", ""RPA1"", ""RPA3"", ""RPA4"", ""RPAIN"", ""RPAP2"", ""RPAP3"", ""RPE"", ""RPF1"", ""RPF2"", ""RPGRIP1L"", ""RPL10"", ""RPL10A"", ""RPL10L"", ""RPL12"", ""RPL13"", ""RPL13A"", ""RPL14"", ""RPL15"", ""RPL17"", ""RPL18"", ""RPL18A"", ""RPL19"", ""RPL21"", ""RPL22"", ""RPL23A"", ""RPL24"", ""RPL26"", ""RPL27"", ""RPL27A"", ""RPL28"", ""RPL29"", ""RPL3"", ""RPL30"", ""RPL31"", ""RPL32"", ""RPL34"", ""RPL35"", ""RPL35A"", ""RPL36"", ""RPL36A"", ""RPL36AL"", ""RPL37A"", ""RPL38"", ""RPL39"", ""RPL4"", ""RPL41"", ""RPL6"", ""RPL7""]"
"[""RPL7A"", ""RPL8"", ""RPL9"", ""RPLP0"", ""RPLP1"", ""RPN1"", ""RPN2"", ""RPP25"", ""RPP30"", ""RPP38"", ""RPP40"", ""RPRD1A"", ""RPRD1B"", ""RPRD2"", ""RPS10"", ""RPS11"", ""RPS12"", ""RPS13"", ""RPS14"", ""RPS15A"", ""RPS16"", ""RPS17"", ""RPS18"", ""RPS19"", ""RPS19BP1"", ""RPS2"", ""RPS21"", ""RPS23"", ""RPS24"", ""RPS25"", ""RPS26"", ""RPS27"", ""RPS27L"", ""RPS28"", ""RPS29"", ""RPS3"", ""RPS3A"", ""RPS4X"", ""RPS4Y1"", ""RPS5"", ""RPS6"", ""RPS6KA1"", ""RPS6KA2"", ""RPS6KA3"", ""RPS6KA4"", ""RPS6KA5"", ""RPS6KA6"", ""RPS6KB1"", ""RPS6KB2"", ""RPS8"", ""RPS9"", ""RPSA"", ""RPUSD2"", ""RPUSD3"", ""RPUSD4"", ""RRAS"", ""RRAS2"", ""RRBP1"", ""RREB1"", ""RRM1"", ""RRM2B"", ""RRN3"", ""RRP1"", ""RRP12"", ""RRP1B"", ""RRP36"", ""RRP7A"", ""RRP8"", ""RRP9"", ""RRS1"", ""RSAD1"", ""RSAD2"", ""RSC1A1"", ""RSF1"", ""RSL1D1"", ""RSL24D1"", ""RSPH1"", ""RSPH3"", ""RSPH9"", ""RSPO2"", ""RSPO3"", ""RSPO4"", ""RSRC1"", ""RSRP1"", ""RSU1"", ""RTCA"", ""RTCB"", ""RTEL1"", ""RTF1"", ""RTKN"", ""RTKN2"", ""RTL10"", ""RTN1"", ""RTN2"", ""RTN3"", ""RTN4IP1"", ""RTN4R"", ""RTN4RL1"", ""RTN4RL2"", ""RTP1""]"
"[""RTP4"", ""RTRAF"", ""RTTN"", ""RUFY1"", ""RUFY2"", ""RUFY3"", ""RUNDC3A"", ""RUNX1T1"", ""RUNX2"", ""RUSC1"", ""RUSC2"", ""RUVBL1"", ""RUVBL2"", ""RWDD3"", ""RXFP1"", ""RXRA"", ""RXRB"", ""RXYLT1"", ""RYBP"", ""RYK"", ""RYR1"", ""RYR2"", ""S100A1"", ""S100A10"", ""S100A11"", ""S100A14"", ""S100A16"", ""S100A4"", ""S100A5"", ""S100A6"", ""S100A8"", ""S100B"", ""S100P"", ""S100PBP"", ""S100Z"", ""S1PR1"", ""S1PR2"", ""S1PR4"", ""SAA1"", ""SAAL1"", ""SACM1L"", ""SACS"", ""SAFB"", ""SAFB2"", ""SALL1"", ""SALL2"", ""SAMD1"", ""SAMD4A"", ""SAMD4B"", ""SAMD5"", ""SAMD8"", ""SAMD9"", ""SAMD9L"", ""SAMHD1"", ""SAMM50"", ""SAP130"", ""SAP18"", ""SAP30"", ""SAP30BP"", ""SAP30L"", ""SAPCD2"", ""SAR1A"", ""SAR1B"", ""SARAF"", ""SARM1"", ""SARNP"", ""SART1"", ""SART3"", ""SASH1"", ""SAT1"", ""SAT2"", ""SATB1"", ""SATB2"", ""SAV1"", ""SAYSD1"", ""SBDS"", ""SBF1"", ""SBF2"", ""SBNO2"", ""SCAF11"", ""SCAF4"", ""SCAF8"", ""SCAI"", ""SCAMP1"", ""SCAMP2"", ""SCAMP5"", ""SCAND1"", ""SCAP"", ""SCAPER"", ""SCARA3"", ""SCARF1"", ""SCCPDH"", ""SCD"", ""SCD5"", ""SCFD1"", ""SCG2"", ""SCG5"", ""SCGB1A1"", ""SCGB3A1"", ""SCLT1""]"
"[""SCN1A"", ""SCN1B"", ""SCN2B"", ""SCN3B"", ""SCN4A"", ""SCN4B"", ""SCN8A"", ""SCN9A"", ""SCNN1B"", ""SCNN1D"", ""SCO1"", ""SCO2"", ""SCOC"", ""SCP2"", ""SCRIB"", ""SCRN1"", ""SCRT1"", ""SCRT2"", ""SCTR"", ""SCX"", ""SCYL1"", ""SCYL3"", ""SDAD1"", ""SDCCAG8"", ""SDE2"", ""SDF2"", ""SDF2L1"", ""SDHA"", ""SDHAF1"", ""SDHAF2"", ""SDHB"", ""SDHD"", ""SDR16C5"", ""SDS"", ""SEC11A"", ""SEC11C"", ""SEC14L1"", ""SEC14L2"", ""SEC16A"", ""SEC22B"", ""SEC23A"", ""SEC23B"", ""SEC23IP"", ""SEC24A"", ""SEC24B"", ""SEC24C"", ""SEC24D"", ""SEC31A"", ""SEC31B"", ""SEC61A1"", ""SEC61B"", ""SEC61G"", ""SEC62"", ""SEC63"", ""SECISBP2"", ""SECTM1"", ""SELENBP1"", ""SELENOF"", ""SELENOI"", ""SELENOK"", ""SELENON"", ""SELENOO"", ""SELENOS"", ""SELENOT"", ""SELPLG"", ""SEMA3A"", ""SEMA3E"", ""SEMA4C"", ""SEMA4D"", ""SEMA4F"", ""SEMA6A"", ""SEMA6D"", ""SEMA7A"", ""SEMG2"", ""SENP1"", ""SENP2"", ""SENP3"", ""SENP6"", ""SENP7"", ""SERAC1"", ""SERBP1"", ""SERINC3"", ""SERINC5"", ""SERP1"", ""SERPINA1"", ""SERPINA6"", ""SERPINB6"", ""SERPINB8"", ""SERPINB9"", ""SERPINE2"", ""SERPINF1"", ""SERPING1"", ""SERPINH1"", ""SERPINI1"", ""SERTAD2"", ""SERTAD3"", ""SERTM1"", ""SESN1"", ""SESN3"", ""SESTD1""]"
"[""SET"", ""SETBP1"", ""SETD1A"", ""SETD1B"", ""SETD2"", ""SETD3"", ""SETD4"", ""SETD5"", ""SETD6"", ""SETD7"", ""SETDB1"", ""SETDB2"", ""SETMAR"", ""SETX"", ""SF1"", ""SF3A1"", ""SF3A2"", ""SF3A3"", ""SF3B1"", ""SF3B2"", ""SF3B3"", ""SF3B4"", ""SF3B5"", ""SF3B6"", ""SFI1"", ""SFMBT1"", ""SFMBT2"", ""SFN"", ""SFPQ"", ""SFR1"", ""SFRP1"", ""SFRP2"", ""SFXN1"", ""SFXN3"", ""SFXN4"", ""SFXN5"", ""SGCB"", ""SGCD"", ""SGCE"", ""SGF29"", ""SGIP1"", ""SGK1"", ""SGK2"", ""SGMS1"", ""SGO2"", ""SGPL1"", ""SGPP1"", ""SGPP2"", ""SGSM1"", ""SGSM2"", ""SGSM3"", ""SGTA"", ""SH2B2"", ""SH2B3"", ""SH2D3C"", ""SH3BGRL2"", ""SH3BGRL3"", ""SH3BP1"", ""SH3BP5"", ""SH3BP5L"", ""SH3D19"", ""SH3D21"", ""SH3GL1"", ""SH3GLB1"", ""SH3GLB2"", ""SH3PXD2A"", ""SH3PXD2B"", ""SH3YL1"", ""SHANK1"", ""SHB"", ""SHC1"", ""SHMT1"", ""SHMT2"", ""SHOC2"", ""SHOX"", ""SHPK"", ""SHQ1"", ""SHROOM2"", ""SHROOM4"", ""SHTN1"", ""SIGLEC11"", ""SIGLEC6"", ""SIGMAR1"", ""SIK2"", ""SIK3"", ""SIL1"", ""SIM2"", ""SIMC1"", ""SIN3A"", ""SINHCAF"", ""SIPA1L1"", ""SIPA1L3"", ""SIRPA"", ""SIRPG"", ""SIRT1"", ""SIRT2"", ""SIRT3"", ""SIRT4"", ""SIRT5"", ""SIRT7""]"
"[""SIVA1"", ""SIX3"", ""SIX5"", ""SKA2"", ""SKAP1"", ""SKAP2"", ""SKIL"", ""SLAIN2"", ""SLAMF9"", ""SLBP"", ""SLC10A7"", ""SLC12A2"", ""SLC12A5"", ""SLC12A6"", ""SLC12A7"", ""SLC13A3"", ""SLC13A5"", ""SLC14A1"", ""SLC15A2"", ""SLC16A1"", ""SLC16A11"", ""SLC16A13"", ""SLC16A2"", ""SLC16A3"", ""SLC16A7"", ""SLC16A8"", ""SLC16A9"", ""SLC17A4"", ""SLC17A6"", ""SLC17A7"", ""SLC17A8"", ""SLC18B1"", ""SLC19A1"", ""SLC19A2"", ""SLC19A3"", ""SLC1A1"", ""SLC1A2"", ""SLC1A3"", ""SLC1A4"", ""SLC1A5"", ""SLC1A6"", ""SLC1A7"", ""SLC20A1"", ""SLC20A2"", ""SLC22A12"", ""SLC22A15"", ""SLC22A17"", ""SLC22A3"", ""SLC22A4"", ""SLC22A5"", ""SLC22A7"", ""SLC22A9"", ""SLC23A2"", ""SLC23A3"", ""SLC24A1"", ""SLC24A2"", ""SLC24A3"", ""SLC24A4"", ""SLC24A5"", ""SLC25A1"", ""SLC25A10"", ""SLC25A12"", ""SLC25A13"", ""SLC25A14"", ""SLC25A15"", ""SLC25A16"", ""SLC25A17"", ""SLC25A18"", ""SLC25A19"", ""SLC25A20"", ""SLC25A22"", ""SLC25A23"", ""SLC25A24"", ""SLC25A25"", ""SLC25A26"", ""SLC25A27"", ""SLC25A29"", ""SLC25A3"", ""SLC25A32"", ""SLC25A33"", ""SLC25A36"", ""SLC25A39"", ""SLC25A4"", ""SLC25A42"", ""SLC25A46"", ""SLC25A51"", ""SLC25A52"", ""SLC25A6"", ""SLC26A1"", ""SLC26A2"", ""SLC26A4"", ""SLC26A6"", ""SLC26A8"", ""SLC27A1"", ""SLC27A2"", ""SLC27A3"", ""SLC27A4"", ""SLC27A5"", ""SLC29A1"", ""SLC29A2""]"
"[""SLC29A4"", ""SLC2A1"", ""SLC2A10"", ""SLC2A11"", ""SLC2A14"", ""SLC2A3"", ""SLC2A4RG"", ""SLC2A5"", ""SLC30A1"", ""SLC30A10"", ""SLC30A5"", ""SLC30A7"", ""SLC30A9"", ""SLC31A1"", ""SLC32A1"", ""SLC33A1"", ""SLC34A3"", ""SLC35A1"", ""SLC35A2"", ""SLC35A3"", ""SLC35A4"", ""SLC35A5"", ""SLC35B1"", ""SLC35B2"", ""SLC35B3"", ""SLC35B4"", ""SLC35C1"", ""SLC35C2"", ""SLC35D1"", ""SLC35D2"", ""SLC35E1"", ""SLC35F1"", ""SLC35F3"", ""SLC35G2"", ""SLC37A1"", ""SLC37A4"", ""SLC38A1"", ""SLC38A10"", ""SLC38A2"", ""SLC38A3"", ""SLC38A5"", ""SLC39A1"", ""SLC39A10"", ""SLC39A13"", ""SLC39A4"", ""SLC39A6"", ""SLC39A7"", ""SLC39A9"", ""SLC3A1"", ""SLC40A1"", ""SLC41A1"", ""SLC41A2"", ""SLC41A3"", ""SLC43A1"", ""SLC43A2"", ""SLC44A1"", ""SLC44A5"", ""SLC46A1"", ""SLC47A1"", ""SLC4A10"", ""SLC4A11"", ""SLC4A1AP"", ""SLC4A3"", ""SLC4A4"", ""SLC4A7"", ""SLC4A8"", ""SLC50A1"", ""SLC52A1"", ""SLC52A2"", ""SLC52A3"", ""SLC5A11"", ""SLC5A12"", ""SLC5A2"", ""SLC5A3"", ""SLC5A4"", ""SLC5A6"", ""SLC6A1"", ""SLC6A12"", ""SLC6A13"", ""SLC6A15"", ""SLC6A19"", ""SLC6A3"", ""SLC6A6"", ""SLC6A7"", ""SLC6A8"", ""SLC7A1"", ""SLC7A10"", ""SLC7A11"", ""SLC7A2"", ""SLC7A6"", ""SLC7A7"", ""SLC7A8"", ""SLC8A1"", ""SLC8A2"", ""SLC8A3"", ""SLC8B1"", ""SLC9A1"", ""SLC9A5"", ""SLC9A6"", ""SLC9A7""]"
"[""SLC9A8"", ""SLC9A9"", ""SLC9B2"", ""SLCO1A2"", ""SLCO1C1"", ""SLCO2B1"", ""SLCO3A1"", ""SLCO4A1"", ""SLFN11"", ""SLFN12"", ""SLIRP"", ""SLIT1"", ""SLIT2"", ""SLIT3"", ""SLITRK1"", ""SLITRK2"", ""SLITRK3"", ""SLITRK4"", ""SLITRK5"", ""SLITRK6"", ""SLK"", ""SLN"", ""SLPI"", ""SLTM"", ""SLU7"", ""SLURP1"", ""SLX4"", ""SMAD4"", ""SMAD9"", ""SMAP2"", ""SMARCA1"", ""SMARCA2"", ""SMARCA4"", ""SMARCA5"", ""SMARCAD1"", ""SMARCAL1"", ""SMARCB1"", ""SMARCC1"", ""SMARCC2"", ""SMARCD1"", ""SMARCD2"", ""SMARCD3"", ""SMARCE1"", ""SMC1A"", ""SMC2"", ""SMC3"", ""SMC4"", ""SMC5"", ""SMCHD1"", ""SMCR8"", ""SMDT1"", ""SMG1"", ""SMG6"", ""SMG7"", ""SMIM1"", ""SMIM14"", ""SMIM20"", ""SMO"", ""SMOC2"", ""SMOX"", ""SMPD3"", ""SMPD4"", ""SMPDL3A"", ""SMU1"", ""SMUG1"", ""SMYD2"", ""SMYD3"", ""SNAI1"", ""SNAI2"", ""SNAP25"", ""SNAPC1"", ""SNAPC2"", ""SNAPC3"", ""SNAPC4"", ""SNAPC5"", ""SNCB"", ""SNCG"", ""SND1"", ""SNED1"", ""SNF8"", ""SNIP1"", ""SNN"", ""SNPH"", ""SNRK"", ""SNRNP200"", ""SNRNP25"", ""SNRNP35"", ""SNRNP40"", ""SNRNP48"", ""SNRNP70"", ""SNRPA"", ""SNRPA1"", ""SNRPB"", ""SNRPB2"", ""SNRPC"", ""SNRPD1"", ""SNRPD2"", ""SNRPD3"", ""SNRPE"", ""SNRPF""]"
"[""SNRPG"", ""SNTA1"", ""SNTB1"", ""SNTB2"", ""SNTG1"", ""SNTG2"", ""SNU13"", ""SNUPN"", ""SNW1"", ""SNX10"", ""SNX11"", ""SNX12"", ""SNX13"", ""SNX17"", ""SNX18"", ""SNX19"", ""SNX20"", ""SNX25"", ""SNX3"", ""SNX30"", ""SNX33"", ""SNX4"", ""SNX5"", ""SNX7"", ""SNX8"", ""SOAT1"", ""SOCS1"", ""SOCS2"", ""SOCS4"", ""SOCS5"", ""SOCS6"", ""SOCS7"", ""SOD2"", ""SOD3"", ""SOGA1"", ""SON"", ""SORBS1"", ""SORBS3"", ""SORCS1"", ""SORCS2"", ""SOS1"", ""SOSTDC1"", ""SOX1"", ""SOX10"", ""SOX11"", ""SOX12"", ""SOX13"", ""SOX17"", ""SOX18"", ""SOX2"", ""SOX21"", ""SOX3"", ""SOX4"", ""SOX5"", ""SOX6"", ""SOX7"", ""SOX8"", ""SOX9"", ""SP1"", ""SP100"", ""SP110"", ""SP140"", ""SP2"", ""SP3"", ""SP4"", ""SP7"", ""SP9"", ""SPA17"", ""SPACA3"", ""SPACA9"", ""SPAG5"", ""SPAG8"", ""SPARC"", ""SPAST"", ""SPATA13"", ""SPATA18"", ""SPATA2"", ""SPATA24"", ""SPATA7"", ""SPATS2"", ""SPATS2L"", ""SPCS1"", ""SPCS2"", ""SPCS3"", ""SPDEF"", ""SPDL1"", ""SPECC1"", ""SPECC1L"", ""SPEF1"", ""SPEF2"", ""SPEN"", ""SPG21"", ""SPG7"", ""SPHK1"", ""SPHKAP"", ""SPI1"", ""SPIB"", ""SPICE1"", ""SPIDR"", ""SPIN1""]"
"[""SPIN2B"", ""SPIN3"", ""SPIN4"", ""SPINK2"", ""SPINT2"", ""SPIRE1"", ""SPN"", ""SPNS2"", ""SPOCK1"", ""SPOCK2"", ""SPOUT1"", ""SPP1"", ""SPPL3"", ""SPR"", ""SPRED1"", ""SPRR1A"", ""SPRR2E"", ""SPRTN"", ""SPRY1"", ""SPRY2"", ""SPRY4"", ""SPRYD4"", ""SPTAN1"", ""SPTB"", ""SPTBN1"", ""SPTBN2"", ""SPTBN4"", ""SPTBN5"", ""SPTLC1"", ""SPTLC2"", ""SPTSSA"", ""SPTSSB"", ""SPTY2D1"", ""SPX"", ""SQLE"", ""SQOR"", ""SRA1"", ""SRARP"", ""SRCAP"", ""SRCIN1"", ""SRD5A1"", ""SRD5A3"", ""SREBF1"", ""SREBF2"", ""SREK1"", ""SRF"", ""SRGAP2"", ""SRI"", ""SRM"", ""SRP14"", ""SRP19"", ""SRP54"", ""SRP68"", ""SRP72"", ""SRPK1"", ""SRPK2"", ""SRPRA"", ""SRPRB"", ""SRR"", ""SRRM1"", ""SRRM2"", ""SRRM4"", ""SRRT"", ""SRSF1"", ""SRSF10"", ""SRSF11"", ""SRSF12"", ""SRSF2"", ""SRSF3"", ""SRSF4"", ""SRSF5"", ""SRSF6"", ""SRSF7"", ""SRSF8"", ""SRSF9"", ""SRXN1"", ""SS18"", ""SS18L1"", ""SSB"", ""SSBP1"", ""SSBP2"", ""SSH1"", ""SSH2"", ""SSNA1"", ""SSPN"", ""SSR1"", ""SSR4"", ""SSRP1"", ""SSTR1"", ""SSTR2"", ""SSTR3"", ""SSU72"", ""SSUH2"", ""SSX2IP"", ""ST13"", ""ST14"", ""ST18"", ""ST20"", ""ST3GAL1"", ""ST3GAL2""]"
"[""ST3GAL4"", ""ST3GAL5"", ""ST3GAL6"", ""ST6GAL1"", ""ST6GAL2"", ""ST6GALNAC1"", ""ST6GALNAC3"", ""ST6GALNAC6"", ""ST8SIA1"", ""ST8SIA2"", ""ST8SIA3"", ""ST8SIA4"", ""STAB1"", ""STAG1"", ""STAG2"", ""STAG3"", ""STAM2"", ""STAMBP"", ""STAMBPL1"", ""STAR"", ""STARD10"", ""STARD4"", ""STARD5"", ""STARD9"", ""STAT3"", ""STAT4"", ""STAT5A"", ""STAT5B"", ""STAT6"", ""STAU1"", ""STAU2"", ""STC2"", ""STEAP1"", ""STEAP2"", ""STEAP3"", ""STH"", ""STIM1"", ""STIM2"", ""STIP1"", ""STK10"", ""STK11"", ""STK16"", ""STK17A"", ""STK17B"", ""STK19"", ""STK24"", ""STK25"", ""STK26"", ""STK35"", ""STK36"", ""STK38"", ""STK38L"", ""STK39"", ""STK4"", ""STK40"", ""STMN1"", ""STMN2"", ""STMN3"", ""STMP1"", ""STN1"", ""STOML2"", ""STON1"", ""STON2"", ""STOX1"", ""STRA6"", ""STRADA"", ""STRADB"", ""STRAP"", ""STRBP"", ""STRIP1"", ""STRIP2"", ""STRN"", ""STRN3"", ""STRN4"", ""STT3A"", ""STT3B"", ""STX10"", ""STX12"", ""STX16"", ""STX18"", ""STX1A"", ""STX2"", ""STX4"", ""STX5"", ""STX6"", ""STXBP1"", ""STXBP3"", ""STXBP4"", ""STXBP5"", ""STXBP6"", ""STYK1"", ""STYX"", ""STYXL1"", ""SUB1"", ""SUCLA2"", ""SUCLG2"", ""SUDS3"", ""SUFU"", ""SUGCT"", ""SUGP1""]"
"[""SUGP2"", ""SULF1"", ""SULF2"", ""SULT1A1"", ""SULT1A2"", ""SULT1C4"", ""SULT2B1"", ""SULT4A1"", ""SUMF1"", ""SUMF2"", ""SUN1"", ""SUN2"", ""SUPT16H"", ""SUPT20H"", ""SUPT3H"", ""SUPT4H1"", ""SUPT5H"", ""SUPT6H"", ""SUPT7L"", ""SUPV3L1"", ""SURF2"", ""SURF6"", ""SUSD2"", ""SUSD3"", ""SUSD4"", ""SUSD6"", ""SUV39H1"", ""SUZ12"", ""SV2A"", ""SVBP"", ""SVEP1"", ""SVIP"", ""SWAP70"", ""SWI5"", ""SWSAP1"", ""SYAP1"", ""SYBU"", ""SYCE1L"", ""SYCP2L"", ""SYDE1"", ""SYDE2"", ""SYF2"", ""SYMPK"", ""SYN1"", ""SYNCRIP"", ""SYNDIG1"", ""SYNE1"", ""SYNE2"", ""SYNE3"", ""SYNJ1"", ""SYNJ2BP"", ""SYNM"", ""SYNPO"", ""SYNPO2"", ""SYP"", ""SYT1"", ""SYT13"", ""SYT17"", ""SYT2"", ""SYT3"", ""SYT4"", ""SYT5"", ""SYT6"", ""SYTL2"", ""TAAR5"", ""TAB1"", ""TAB3"", ""TAC1"", ""TAC4"", ""TACC1"", ""TACC2"", ""TACC3"", ""TACO1"", ""TACR2"", ""TADA1"", ""TADA2A"", ""TADA2B"", ""TADA3"", ""TAF1"", ""TAF10"", ""TAF11"", ""TAF12"", ""TAF13"", ""TAF15"", ""TAF1A"", ""TAF1B"", ""TAF1C"", ""TAF1D"", ""TAF1L"", ""TAF2"", ""TAF3"", ""TAF4"", ""TAF4B"", ""TAF5"", ""TAF5L"", ""TAF6"", ""TAF6L"", ""TAF7"", ""TAF8"", ""TAF9""]"
"[""TAF9B"", ""TAGLN"", ""TAGLN2"", ""TAL1"", ""TALDO1"", ""TANC2"", ""TANGO2"", ""TAOK1"", ""TAOK2"", ""TAOK3"", ""TAP1"", ""TAP2"", ""TAPBP"", ""TAPBPL"", ""TAPT1"", ""TARBP2"", ""TARDBP"", ""TARM1"", ""TARS2"", ""TAS1R1"", ""TAS2R10"", ""TAS2R13"", ""TAS2R14"", ""TAS2R19"", ""TAS2R30"", ""TAS2R31"", ""TAS2R39"", ""TAS2R4"", ""TAS2R43"", ""TAS2R45"", ""TAS2R5"", ""TAS2R50"", ""TAS2R60"", ""TAT"", ""TATDN1"", ""TBATA"", ""TBC1D10A"", ""TBC1D10B"", ""TBC1D10C"", ""TBC1D14"", ""TBC1D16"", ""TBC1D17"", ""TBC1D2"", ""TBC1D20"", ""TBC1D22A"", ""TBC1D22B"", ""TBC1D23"", ""TBC1D24"", ""TBC1D25"", ""TBC1D2B"", ""TBC1D30"", ""TBC1D31"", ""TBC1D4"", ""TBC1D5"", ""TBC1D8B"", ""TBCA"", ""TBCB"", ""TBCC"", ""TBCCD1"", ""TBCD"", ""TBCE"", ""TBCK"", ""TBK1"", ""TBL1X"", ""TBL1XR1"", ""TBL1Y"", ""TBL2"", ""TBL3"", ""TBP"", ""TBPL1"", ""TBR1"", ""TBRG1"", ""TBRG4"", ""TBX1"", ""TBX19"", ""TBX2"", ""TBX3"", ""TBX5"", ""TBXA2R"", ""TBXAS1"", ""TBXT"", ""TCAF1"", ""TCAIM"", ""TCAP"", ""TCEA1"", ""TCEA2"", ""TCEAL1"", ""TCEAL7"", ""TCERG1"", ""TCF12"", ""TCF20"", ""TCF25"", ""TCF3"", ""TCF4"", ""TCF7"", ""TCF7L1"", ""TCF7L2"", ""TCFL5"", ""TCHP"", ""TCIM""]"
"[""TCL1B"", ""TCOF1"", ""TCP11L1"", ""TCTA"", ""TCTN3"", ""TDG"", ""TDP1"", ""TDP2"", ""TDRD3"", ""TDRD7"", ""TDRD9"", ""TDRP"", ""TEAD1"", ""TEAD3"", ""TECR"", ""TEF"", ""TEFM"", ""TEK"", ""TEKT2"", ""TEKT4"", ""TELO2"", ""TENM4"", ""TEP1"", ""TEPSIN"", ""TERF1"", ""TERF2"", ""TERF2IP"", ""TERT"", ""TES"", ""TESC"", ""TESK1"", ""TESK2"", ""TESPA1"", ""TET1"", ""TET2"", ""TEX10"", ""TEX264"", ""TEX44"", ""TEX9"", ""TF"", ""TFAM"", ""TFAP2C"", ""TFAP2E"", ""TFB1M"", ""TFB2M"", ""TFCP2"", ""TFDP1"", ""TFDP2"", ""TFEC"", ""TFF3"", ""TFG"", ""TFIP11"", ""TFPI"", ""TFPT"", ""TFR2"", ""TFRC"", ""TG"", ""TGFB2"", ""TGFB3"", ""TGFBI"", ""TGFBR2"", ""TGFBR3"", ""TGIF1"", ""TGM1"", ""TGM2"", ""TGOLN2"", ""TGS1"", ""TH"", ""THAP1"", ""THAP11"", ""THAP2"", ""THAP3"", ""THAP4"", ""THAP5"", ""THAP6"", ""THAP7"", ""THAP9"", ""THBD"", ""THBS1"", ""THBS2"", ""THBS3"", ""THBS4"", ""THEM4"", ""THG1L"", ""THOC1"", ""THOC2"", ""THOC5"", ""THOC6"", ""THOC7"", ""THRA"", ""THRAP3"", ""THRB"", ""THSD1"", ""THSD7A"", ""THTPA"", ""THUMPD3"", ""THY1"", ""TIA1"", ""TIAM1"", ""TICAM1""]"
"[""TIFA"", ""TIGAR"", ""TIGD6"", ""TIMELESS"", ""TIMM10"", ""TIMM10B"", ""TIMM13"", ""TIMM17A"", ""TIMM17B"", ""TIMM21"", ""TIMM22"", ""TIMM23"", ""TIMM29"", ""TIMM44"", ""TIMM50"", ""TIMM8A"", ""TIMM9"", ""TIMMDC1"", ""TIMP1"", ""TIMP2"", ""TINF2"", ""TIPARP"", ""TIPIN"", ""TIPRL"", ""TIRAP"", ""TJAP1"", ""TJP1"", ""TJP2"", ""TJP3"", ""TK1"", ""TK2"", ""TKFC"", ""TKT"", ""TKTL1"", ""TLCD1"", ""TLCD2"", ""TLE1"", ""TLE2"", ""TLE3"", ""TLE4"", ""TLE6"", ""TLK1"", ""TLK2"", ""TLN1"", ""TLR1"", ""TLR2"", ""TLR4"", ""TLR5"", ""TLR6"", ""TLX2"", ""TLX3"", ""TM4SF1"", ""TM6SF2"", ""TM7SF2"", ""TM7SF3"", ""TM9SF2"", ""TMA16"", ""TMBIM4"", ""TMC6"", ""TMC8"", ""TMCC1"", ""TMCC2"", ""TMCC3"", ""TMCO1"", ""TMED1"", ""TMED10"", ""TMED2"", ""TMED3"", ""TMED5"", ""TMED7"", ""TMED9"", ""TMEFF2"", ""TMEM100"", ""TMEM107"", ""TMEM11"", ""TMEM115"", ""TMEM117"", ""TMEM119"", ""TMEM120A"", ""TMEM123"", ""TMEM126A"", ""TMEM126B"", ""TMEM127"", ""TMEM130"", ""TMEM134"", ""TMEM138"", ""TMEM143"", ""TMEM147"", ""TMEM14A"", ""TMEM14B"", ""TMEM150A"", ""TMEM150B"", ""TMEM160"", ""TMEM161A"", ""TMEM164"", ""TMEM167A"", ""TMEM167B"", ""TMEM168"", ""TMEM170A"", ""TMEM170B""]"
"[""TMEM174"", ""TMEM177"", ""TMEM18"", ""TMEM181"", ""TMEM186"", ""TMEM187"", ""TMEM198"", ""TMEM203"", ""TMEM214"", ""TMEM216"", ""TMEM222"", ""TMEM223"", ""TMEM230"", ""TMEM237"", ""TMEM242"", ""TMEM250"", ""TMEM258"", ""TMEM260"", ""TMEM266"", ""TMEM30B"", ""TMEM33"", ""TMEM35A"", ""TMEM39A"", ""TMEM41B"", ""TMEM43"", ""TMEM47"", ""TMEM50A"", ""TMEM50B"", ""TMEM53"", ""TMEM63B"", ""TMEM63C"", ""TMEM65"", ""TMEM67"", ""TMEM70"", ""TMEM86A"", ""TMEM86B"", ""TMEM87A"", ""TMEM88"", ""TMEM8B"", ""TMEM98"", ""TMF1"", ""TMIGD2"", ""TMIGD3"", ""TMLHE"", ""TMOD1"", ""TMPO"", ""TMPRSS2"", ""TMPRSS5"", ""TMPRSS6"", ""TMSB4X"", ""TMTC2"", ""TMTC3"", ""TMTC4"", ""TMX1"", ""TMX2"", ""TMX3"", ""TNC"", ""TNF"", ""TNFAIP6"", ""TNFAIP8"", ""TNFAIP8L3"", ""TNFRSF10A"", ""TNFRSF10B"", ""TNFRSF11A"", ""TNFRSF11B"", ""TNFRSF12A"", ""TNFRSF1A"", ""TNFRSF21"", ""TNFRSF25"", ""TNFRSF8"", ""TNFSF10"", ""TNFSF12"", ""TNFSF13"", ""TNFSF13B"", ""TNFSF4"", ""TNIK"", ""TNIP1"", ""TNIP2"", ""TNIP3"", ""TNKS"", ""TNKS1BP1"", ""TNKS2"", ""TNNC1"", ""TNNC2"", ""TNNI3"", ""TNNT1"", ""TNNT2"", ""TNNT3"", ""TNPO1"", ""TNPO3"", ""TNRC18"", ""TNRC6A"", ""TNRC6B"", ""TNRC6C"", ""TNS1"", ""TNS2"", ""TNS3"", ""TNXB"", ""TOB1"", ""TOB2""]"
"[""TOE1"", ""TOGARAM1"", ""TOM1L2"", ""TOMM20"", ""TOMM22"", ""TOMM34"", ""TOMM40"", ""TOMM40L"", ""TOMM5"", ""TOMM6"", ""TOMM7"", ""TOMM70"", ""TONSL"", ""TOP1"", ""TOP1MT"", ""TOP2B"", ""TOP3A"", ""TOP3B"", ""TOPBP1"", ""TOR1A"", ""TOR1AIP1"", ""TOR1AIP2"", ""TOR1B"", ""TOR2A"", ""TOR3A"", ""TOX2"", ""TOX3"", ""TOX4"", ""TP53BP1"", ""TP53BP2"", ""TP53I13"", ""TP53I3"", ""TP53INP1"", ""TP53INP2"", ""TP53RK"", ""TP53TG5"", ""TP73"", ""TPD52"", ""TPD52L1"", ""TPGS1"", ""TPK1"", ""TPM1"", ""TPM2"", ""TPM3"", ""TPM4"", ""TPMT"", ""TPO"", ""TPP2"", ""TPPP"", ""TPPP3"", ""TPR"", ""TPRKB"", ""TPRXL"", ""TPST1"", ""TPST2"", ""TPT1"", ""TPX2"", ""TRA2A"", ""TRA2B"", ""TRABD2A"", ""TRABD2B"", ""TRADD"", ""TRAF3IP1"", ""TRAM1"", ""TRAM2"", ""TRAP1"", ""TRAPPC10"", ""TRAPPC11"", ""TRAPPC12"", ""TRAPPC2"", ""TRAPPC2B"", ""TRAPPC2L"", ""TRAPPC3"", ""TRAPPC4"", ""TRAPPC5"", ""TRAPPC8"", ""TRAPPC9"", ""TRDMT1"", ""TREM2"", ""TREML1"", ""TRERF1"", ""TRIAP1"", ""TRIL"", ""TRIM66"", ""TRIO"", ""TRIP11"", ""TRIP6"", ""TRIR"", ""TRIT1"", ""TRMO"", ""TRMT10A"", ""TRMT10B"", ""TRMT10C"", ""TRMT112"", ""TRMT2A"", ""TRMT2B"", ""TRMT5"", ""TRMT6"", ""TRMT61A"", ""TRMT61B""]"
"[""TRMU"", ""TRNT1"", ""TRPC1"", ""TRPC3"", ""TRPC4"", ""TRPC5"", ""TRPM3"", ""TRPM4"", ""TRPM6"", ""TRPS1"", ""TRPV1"", ""TRPV2"", ""TRPV3"", ""TRPV6"", ""TRRAP"", ""TRUB1"", ""TRUB2"", ""TSC22D1"", ""TSEN2"", ""TSEN34"", ""TSEN54"", ""TSFM"", ""TSHZ3"", ""TSN"", ""TSNAX"", ""TSPAN10"", ""TSPAN14"", ""TSPAN15"", ""TSPAN2"", ""TSPAN33"", ""TSPAN4"", ""TSPAN5"", ""TSPAN6"", ""TSPAN9"", ""TSPO"", ""TSPO2"", ""TSPOAP1"", ""TSPYL1"", ""TSPYL2"", ""TSPYL5"", ""TSSC4"", ""TST"", ""TSTD1"", ""TTBK1"", ""TTBK2"", ""TTC1"", ""TTC12"", ""TTC17"", ""TTC19"", ""TTC21B"", ""TTC28"", ""TTC39A"", ""TTC4"", ""TTC5"", ""TTC7A"", ""TTC7B"", ""TTC8"", ""TTF1"", ""TTF2"", ""TTI1"", ""TTL"", ""TTLL1"", ""TTLL12"", ""TTLL5"", ""TTLL7"", ""TTN"", ""TTYH1"", ""TTYH3"", ""TUB"", ""TUBA1A"", ""TUBA1C"", ""TUBA3C"", ""TUBA3D"", ""TUBA4A"", ""TUBA8"", ""TUBB2A"", ""TUBB2B"", ""TUBB3"", ""TUBB4A"", ""TUBB6"", ""TUBB8"", ""TUBD1"", ""TUBG1"", ""TUBG2"", ""TUBGCP2"", ""TUBGCP3"", ""TUBGCP4"", ""TUBGCP5"", ""TUBGCP6"", ""TUFM"", ""TUFT1"", ""TULP3"", ""TULP4"", ""TUNAR"", ""TUSC3"", ""TUT1"", ""TWF1"", ""TWF2"", ""TWIST1"", ""TWNK""]"
"[""TWSG1"", ""TXLNA"", ""TXLNB"", ""TXLNG"", ""TXN2"", ""TXNDC12"", ""TXNDC16"", ""TXNDC17"", ""TXNDC9"", ""TXNL1"", ""TXNL4A"", ""TXNL4B"", ""TXNRD1"", ""TXNRD2"", ""TXNRD3"", ""TYK2"", ""TYMP"", ""TYMS"", ""TYRO3"", ""TYROBP"", ""TYRP1"", ""TYSND1"", ""TYW5"", ""U2AF2"", ""U2SURP"", ""UACA"", ""UAP1"", ""UBAC2"", ""UBAP1"", ""UBAP2L"", ""UBE2E2"", ""UBE2G2"", ""UBE2H"", ""UBE2M"", ""UBE2Q2"", ""UBE2QL1"", ""UBE2R2"", ""UBE2V2"", ""UBE2Z"", ""UBIAD1"", ""UBL4A"", ""UBL5"", ""UBL7"", ""UBLCP1"", ""UBN1"", ""UBN2"", ""UBP1"", ""UBQLN1"", ""UBQLN2"", ""UBQLN4"", ""UBTF"", ""UBXN10"", ""UBXN4"", ""UCHL3"", ""UCHL5"", ""UCK1"", ""UCK2"", ""UCN"", ""UCN2"", ""UCP2"", ""UCP3"", ""UFC1"", ""UFD1"", ""UFM1"", ""UGCG"", ""UGDH"", ""UGGT1"", ""UGGT2"", ""UGP2"", ""UGT2B10"", ""UHMK1"", ""UIMC1"", ""ULBP1"", ""ULBP2"", ""ULK1"", ""ULK2"", ""ULK3"", ""UMOD"", ""UMPS"", ""UNC119"", ""UNC119B"", ""UNC13A"", ""UNC13B"", ""UNC45A"", ""UNC5C"", ""UNC5D"", ""UNC79"", ""UNC80"", ""UNK"", ""UPF1"", ""UPF2"", ""UPF3A"", ""UPF3B"", ""UPK2"", ""UPK3A"", ""UPP1"", ""UPP2"", ""UPRT"", ""UQCC1"", ""UQCC2""]"
"[""UQCC3"", ""UQCR10"", ""UQCR11"", ""UQCRB"", ""UQCRC2"", ""UQCRFS1"", ""UQCRH"", ""UQCRQ"", ""URB1"", ""URB2"", ""URGCP"", ""URI1"", ""URM1"", ""UROD"", ""UROS"", ""USB1"", ""USF1"", ""USF2"", ""USF3"", ""USH1C"", ""USO1"", ""USP1"", ""USP10"", ""USP11"", ""USP12"", ""USP14"", ""USP15"", ""USP16"", ""USP18"", ""USP19"", ""USP21"", ""USP22"", ""USP27X"", ""USP28"", ""USP3"", ""USP30"", ""USP31"", ""USP32"", ""USP34"", ""USP35"", ""USP36"", ""USP37"", ""USP39"", ""USP42"", ""USP45"", ""USP46"", ""USP48"", ""USP49"", ""USP51"", ""USP53"", ""USP6NL"", ""USP7"", ""USP8"", ""USP9X"", ""USPL1"", ""UTP11"", ""UTP14A"", ""UTP14C"", ""UTP15"", ""UTP18"", ""UTP20"", ""UTP23"", ""UTP3"", ""UTP4"", ""UTP6"", ""UXS1"", ""UXT"", ""VAC14"", ""VAMP2"", ""VAMP3"", ""VAMP5"", ""VAPB"", ""VASH1"", ""VASH2"", ""VASP"", ""VAV3"", ""VAX2"", ""VBP1"", ""VCPIP1"", ""VCPKMT"", ""VCX"", ""VDAC1"", ""VDAC2"", ""VDAC3"", ""VEGFA"", ""VEGFC"", ""VENTX"", ""VEZF1"", ""VEZT"", ""VGF"", ""VGLL4"", ""VIM"", ""VIP"", ""VIPR1"", ""VIRMA"", ""VKORC1"", ""VKORC1L1"", ""VMP1"", ""VNN2"", ""VPS25""]"
"[""VPS28"", ""VPS29"", ""VPS37A"", ""VPS37B"", ""VPS37C"", ""VPS37D"", ""VPS50"", ""VPS51"", ""VPS52"", ""VPS72"", ""VPS8"", ""VRK1"", ""VRK2"", ""VRK3"", ""VSIG10L"", ""VSIR"", ""VSTM2A"", ""VSTM2L"", ""VSX1"", ""VTA1"", ""VTI1A"", ""VWA5A"", ""VWA8"", ""VWCE"", ""VWF"", ""WAC"", ""WAPL"", ""WARS2"", ""WAS"", ""WASF1"", ""WASF2"", ""WASHC2A"", ""WASHC2C"", ""WASHC3"", ""WASHC4"", ""WASL"", ""WBP11"", ""WBP2"", ""WBP4"", ""WDCP"", ""WDFY1"", ""WDFY2"", ""WDFY3"", ""WDHD1"", ""WDR1"", ""WDR12"", ""WDR13"", ""WDR18"", ""WDR19"", ""WDR27"", ""WDR3"", ""WDR33"", ""WDR35"", ""WDR36"", ""WDR37"", ""WDR4"", ""WDR43"", ""WDR44"", ""WDR45"", ""WDR46"", ""WDR5"", ""WDR54"", ""WDR55"", ""WDR6"", ""WDR62"", ""WDR73"", ""WDR74"", ""WDR75"", ""WDR82"", ""WDR83"", ""WDR83OS"", ""WDR90"", ""WDR91"", ""WFDC2"", ""WFIKKN1"", ""WFIKKN2"", ""WHAMM"", ""WHRN"", ""WIPI1"", ""WIPI2"", ""WIZ"", ""WLS"", ""WNK1"", ""WNK2"", ""WNK3"", ""WNT10A"", ""WNT10B"", ""WNT11"", ""WNT2B"", ""WNT3"", ""WNT4"", ""WNT5A"", ""WNT5B"", ""WNT7A"", ""WNT7B"", ""WRAP73"", ""WRN"", ""WRNIP1"", ""WTAP"", ""WTIP""]"
"[""WWC1"", ""WWC2"", ""WWC3"", ""WWTR1"", ""XAB2"", ""XBP1"", ""XK"", ""XKR8"", ""XPA"", ""XPC"", ""XPNPEP1"", ""XPNPEP3"", ""XPO1"", ""XPO4"", ""XPO5"", ""XPO6"", ""XPO7"", ""XPOT"", ""XPR1"", ""XRCC1"", ""XRCC3"", ""XRCC4"", ""XRCC6"", ""XRN1"", ""XRN2"", ""XXYLT1"", ""XYLB"", ""XYLT1"", ""XYLT2"", ""YAF2"", ""YAP1"", ""YARS2"", ""YBEY"", ""YBX1"", ""YBX3"", ""YEATS2"", ""YEATS4"", ""YES1"", ""YIF1A"", ""YIF1B"", ""YIPF1"", ""YIPF2"", ""YIPF3"", ""YIPF4"", ""YIPF5"", ""YIPF6"", ""YKT6"", ""YLPM1"", ""YME1L1"", ""YPEL3"", ""YRDC"", ""YTHDC1"", ""YTHDC2"", ""YTHDF1"", ""YTHDF2"", ""YTHDF3"", ""YWHAB"", ""YWHAG"", ""YWHAH"", ""YWHAQ"", ""YY1"", ""YY1AP1"", ""YY2"", ""ZACN"", ""ZAP70"", ""ZBED3"", ""ZBED4"", ""ZBED6"", ""ZBTB1"", ""ZBTB10"", ""ZBTB11"", ""ZBTB12"", ""ZBTB14"", ""ZBTB16"", ""ZBTB17"", ""ZBTB18"", ""ZBTB2"", ""ZBTB20"", ""ZBTB21"", ""ZBTB22"", ""ZBTB25"", ""ZBTB26"", ""ZBTB33"", ""ZBTB37"", ""ZBTB38"", ""ZBTB4"", ""ZBTB40"", ""ZBTB43"", ""ZBTB45"", ""ZBTB48"", ""ZBTB49"", ""ZBTB5"", ""ZBTB6"", ""ZBTB7A"", ""ZBTB7B"", ""ZBTB7C"", ""ZBTB8A"", ""ZBTB8OS"", ""ZC3H10"", ""ZC3H13""]"
"[""ZC3H14"", ""ZC3H15"", ""ZC3H18"", ""ZC3H3"", ""ZC3H4"", ""ZC3H7A"", ""ZC3H7B"", ""ZC3H8"", ""ZC3HAV1"", ""ZC3HAV1L"", ""ZC3HC1"", ""ZC4H2"", ""ZCCHC2"", ""ZCCHC3"", ""ZCCHC4"", ""ZCCHC7"", ""ZCCHC8"", ""ZCCHC9"", ""ZCRB1"", ""ZCWPW1"", ""ZCWPW2"", ""ZDHHC11"", ""ZDHHC12"", ""ZDHHC13"", ""ZDHHC14"", ""ZDHHC15"", ""ZDHHC16"", ""ZDHHC17"", ""ZDHHC18"", ""ZDHHC19"", ""ZDHHC2"", ""ZDHHC20"", ""ZDHHC21"", ""ZDHHC22"", ""ZDHHC3"", ""ZDHHC4"", ""ZDHHC5"", ""ZDHHC6"", ""ZDHHC7"", ""ZDHHC8"", ""ZDHHC9"", ""ZEB1"", ""ZEB2"", ""ZFAND1"", ""ZFAND2B"", ""ZFC3H1"", ""ZFHX2"", ""ZFHX3"", ""ZFP1"", ""ZFP36"", ""ZFP36L1"", ""ZFP36L2"", ""ZFP41"", ""ZFP64"", ""ZFP69B"", ""ZFPL1"", ""ZFPM1"", ""ZFPM2"", ""ZFX"", ""ZFY"", ""ZFYVE1"", ""ZFYVE19"", ""ZFYVE27"", ""ZFYVE28"", ""ZFYVE9"", ""ZGPAT"", ""ZHX1"", ""ZHX2"", ""ZHX3"", ""ZIC1"", ""ZIC3"", ""ZIC4"", ""ZIC5"", ""ZKSCAN4"", ""ZMAT2"", ""ZMAT3"", ""ZMAT5"", ""ZMPSTE24"", ""ZMYM2"", ""ZMYM3"", ""ZMYM5"", ""ZMYND10"", ""ZMYND11"", ""ZMYND8"", ""ZNF10"", ""ZNF12"", ""ZNF131"", ""ZNF133"", ""ZNF136"", ""ZNF140"", ""ZNF141"", ""ZNF143"", ""ZNF146"", ""ZNF148"", ""ZNF16"", ""ZNF174"", ""ZNF175"", ""ZNF202"", ""ZNF207"", ""ZNF212""]"
"[""ZNF217"", ""ZNF219"", ""ZNF22"", ""ZNF224"", ""ZNF23"", ""ZNF232"", ""ZNF239"", ""ZNF24"", ""ZNF250"", ""ZNF256"", ""ZNF260"", ""ZNF263"", ""ZNF268"", ""ZNF274"", ""ZNF276"", ""ZNF281"", ""ZNF304"", ""ZNF318"", ""ZNF32"", ""ZNF322"", ""ZNF326"", ""ZNF330"", ""ZNF335"", ""ZNF34"", ""ZNF341"", ""ZNF343"", ""ZNF345"", ""ZNF346"", ""ZNF35"", ""ZNF350"", ""ZNF354A"", ""ZNF354C"", ""ZNF365"", ""ZNF366"", ""ZNF37A"", ""ZNF383"", ""ZNF384"", ""ZNF385A"", ""ZNF385B"", ""ZNF385D"", ""ZNF395"", ""ZNF396"", ""ZNF397"", ""ZNF410"", ""ZNF415"", ""ZNF418"", ""ZNF423"", ""ZNF425"", ""ZNF432"", ""ZNF436"", ""ZNF438"", ""ZNF444"", ""ZNF445"", ""ZNF449"", ""ZNF45"", ""ZNF454"", ""ZNF460"", ""ZNF462"", ""ZNF470"", ""ZNF471"", ""ZNF473"", ""ZNF480"", ""ZNF501"", ""ZNF502"", ""ZNF503"", ""ZNF512B"", ""ZNF513"", ""ZNF521"", ""ZNF524"", ""ZNF536"", ""ZNF540"", ""ZNF554"", ""ZNF571"", ""ZNF572"", ""ZNF579"", ""ZNF580"", ""ZNF589"", ""ZNF593"", ""ZNF594"", ""ZNF597"", ""ZNF606"", ""ZNF609"", ""ZNF618"", ""ZNF622"", ""ZNF638"", ""ZNF639"", ""ZNF641"", ""ZNF644"", ""ZNF649"", ""ZNF653"", ""ZNF655"", ""ZNF660"", ""ZNF664"", ""ZNF670"", ""ZNF672"", ""ZNF684"", ""ZNF687"", ""ZNF692"", ""ZNF70"", ""ZNF703""]"
"[""ZNF704"", ""ZNF711"", ""ZNF713"", ""ZNF74"", ""ZNF740"", ""ZNF746"", ""ZNF75A"", ""ZNF76"", ""ZNF764"", ""ZNF768"", ""ZNF771"", ""ZNF777"", ""ZNF784"", ""ZNF786"", ""ZNF787"", ""ZNF789"", ""ZNF821"", ""ZNF827"", ""ZNF85"", ""ZNF91"", ""ZNF93"", ""ZNFX1"", ""ZNHIT1"", ""ZNHIT3"", ""ZNHIT6"", ""ZP3"", ""ZPR1"", ""ZRANB1"", ""ZRANB2"", ""ZRANB3"", ""ZRSR2"", ""ZSCAN1"", ""ZSCAN16"", ""ZSCAN21"", ""ZSCAN23"", ""ZSCAN26"", ""ZSCAN29"", ""ZSCAN31"", ""ZSCAN5A"", ""ZSCAN9"", ""ZSWIM7"", ""ZW10"", ""ZWILCH"", ""ZWINT"", ""ZXDC"", ""ZYX"", ""ZZEF1"", ""ZZZ3""]"
