["FAM105A", "CD163", "NABP1", "PTGER3", "PTGER4", "TKFC", "LRP1B", "LTBP4", "GPC4", "GMIP"]
["RXRA", "CPNE6", "PTPRA", "MMAB", "ESD", "P2RY6", "GRM1", "NUDT18", "CASP1", "DNAH5"]
["TEKT2", "TG", "BLVRB", "FILIP1", "IL34", "MYL12B"]
["RILPL2", "LSM3", "ACTG1", "TBL2", "C1S", "GOLGB1", "SNAPC5", "SLC27A3", "PUF60", "VPS37C"]
["HRASLS", "CARD16", "POLR3GL", "PREB", "GAR1", "SUPT4H1", "LOR", "CARD17", "RPL41", "RASAL1"]
["CYGB", "ALPL", "RBBP7", "CHMP2A", "PID1", "SH3RF1", "CENPX", "TMSB4X", "TRIM68", "BATF3"]
["DDRGK1", "TYW5", "ARMC10", "RPL29", "NUBPL", "EIF1", "SEC61G", "JADE2", "ATP9A", "MRPL10"]
["EARS2", "FTH1", "ZNF239", "POC1A", "FIP1L1", "PHACTR3", "ASL", "BORCS7", "METTL6", "UBE2D2"]
["NISCH", "TIMM10", "DLK2", "SSH2", "SARNP", "NDUFS6", "RPL27", "EIF3D", "NHP2", "PPP2R3C"]
["HBG1", "GGCT", "UQCC3", "CHCHD2", "ASH2L", "TNNT1", "PGLS", "CUL4A", "DCAF7", "SNRPC"]
["TIMM17B", "STX12", "RPL38", "C21orf2", "RAB32", "COPS4", "STK25", "NHLRC1", "GPC6", "POLR2I"]
["METTL5", "ANKLE2", "NAXE", "POLR3C", "SKP1", "RPL10A", "HARS2", "GPNMB", "ACP1", "TNFRSF11A"]
["CCDC68", "MTCH1", "THTPA", "YTHDF2", "GPKOW", "KCNMB4", "DNAH5", "SNX7", "ADCY7", "UBE2Z"]
["SAP30BP", "GGCX", "TOMM7", "STAU1", "CTNND2", "DCTPP1", "HMGB1", "NDUFC2", "MZT2B", "RPL36"]
["AP1M1", "SNX3", "TUBB2A", "RPS27A", "HRAS", "SEC23B", "DCAF11", "ARL16", "NIT2", "NAA10"]
["BEX3", "STYK1", "FAM184A", "PRNP", "MIF", "THRA", "GSTO2", "GUK1", "ADD3", "MRPL30"]
["SRP19", "RILPL1", "NBAS", "ERCC2", "FNIP2", "MVD", "ABCC6", "DDB1", "ANAPC11", "NAA35"]
["CTC1", "FDPS", "RPS2", "CTR9", "P2RY6", "ACAD9", "PFKL", "ACOX3", "TOR3A", "SLC29A3"]
["PSMB6", "RPL31", "ARHGAP33", "RCHY1", "MED4", "RETREG1", "SRSF12", "PTBP2", "UCHL1", "LYN"]
["CSNK2B", "EMC6", "TMEM130", "GOLM1", "PSMA2", "FAM47E", "ARHGDIG", "RPS10", "RPS15", "DBNL"]
["KLF6", "PSMB5", "UFC1", "PPP4R4", "PDS5A", "PMM1", "COA3", "UBE2S", "AP3S1", "MAP1LC3A"]
["POP4", "C5orf30", "BTBD1", "SEC14L2", "SNCA", "ACAT1", "SUV39H1", "B4GALT3", "ATAT1", "DROSHA"]
["C2orf69", "SLN", "BRF2", "LCMT1", "NSDHL", "DNAJA1", "C1R", "NUP85", "PEX11G", "CCT7"]
["CRMP1", "CHST1", "ACAT2", "FOXRED2", "STX4", "PDGFC", "BCAS2", "GPBP1", "TUBA1A", "CCDC85A"]
["EMC8", "TMEM18", "USP12", "MVK", "FGFBP3", "OCA2", "ATP2B4", "PSMD4", "RPA2", "MPL"]
["LSM4", "CDC34", "RPL12", "ADSL", "OPTN", "SNRPD1", "DUSP28", "PERM1", "CHCHD6", "MZT2A"]
["ADTRP", "ZNF436", "ZDHHC4", "RPL26", "DPF1", "RAC1", "MMAB", "STK16", "TRIM27", "FXYD6"]
["NUDT16L1", "ZNF827", "MRFAP1", "PTPRF", "PTGES", "RPS3A", "GTF2H5", "MUT", "CYP26A1", "ENO1"]
["RARS", "COPRS", "PTGER3", "USF3", "MPHOSPH6", "NDUFAF1", "ST6GAL1", "TMEM9", "GRB14", "SSTR1"]
["TMEM65", "SPPL3", "MAGED1", "WDR54", "DNPH1", "SLC25A14", "ADPRHL2", "UBR4", "PSMA6", "TRPV2"]
["CDC42BPB", "EXOSC4", "MT3", "ZMAT2", "EIF6", "RER1", "ASS1", "VPS29", "NLE1", "DYRK2"]
["SKAP2", "PMF1", "MED8", "TFCP2", "CFAP52", "APAF1", "KLRG1", "COQ7", "XRCC6", "PHF13"]
["DLG2", "MCUR1", "SND1", "CELF4", "MOB1B", "TTLL1", "TAPT1", "PLS3", "PSMD9", "SH2B3"]
["DPYSL2", "PTGER4", "HSD17B8", "YLPM1", "ARPP19", "DCAF4", "BLOC1S2", "UBE3A", "PEA15", "RAB27B"]
["ADRA1B", "RIPK2", "UQCRFS1", "BEX2", "MYLIP", "ACTB", "INTS3", "RAB3GAP1", "KLHDC8B", "RAB35"]
["FAM32A", "RABEP1", "ETF1", "SH3BP5", "ZSWIM7", "MAN1B1", "CHL1", "NAA11", "GNB4", "TOM1L1"]
["RPS21", "FLNA", "MRPL20", "ZNF704", "MAPK11", "XPO6", "DNLZ", "GOLT1B", "IVD", "DDT"]
["MFAP1", "RPS9", "LZTR1", "TXNL4B", "SPRN", "B3GALT6", "RNF11", "MB21D2", "TSTD1", "BEX1"]
["RPL37A", "CHAMP1", "ENOPH1", "CPNE7", "ERH", "HINT1", "NDUFA13", "GRIN3A", "MEDAG", "GTPBP4"]
["METTL23", "SQLE", "USP5", "CYP46A1", "HMGCLL1", "TUBB6", "NUDT11", "GATB", "ATG2A", "CDC42SE2"]
["TMEM53", "TOMM6", "MRPL37", "GNAQ", "NCAM2", "B3GAT1", "GSKIP", "PTRH1", "NUS1", "MPP2"]
["WRB", "EIF3H", "MED16", "GRM8", "TXN", "UBB", "ARL3", "SUB1", "WNT10B", "CNOT7"]
["PSMA5", "AGTPBP1", "DHRS9", "SLC35B1", "CYP2R1", "FKBP1B", "MMD", "ELL3", "VPS37D", "FIS1"]
["ANKRD6", "ADGRB3", "P2RX5", "CCNYL1", "WDR62", "MESP1", "TBCB", "ACOT2", "TEKT2", "PSMD1"]
["OTUD1", "DYNC1I1", "UBE2L6", "NPEPPS", "PAF1", "PDE4C", "EIF4G1", "RBX1", "KRT83", "MIEF1"]
["PYDC1", "ATAD3A", "GLCE", "GNAI2", "ATOH7", "ZNF622", "CA11", "ORC6", "GABBR1", "YIPF1"]
["PIGV", "SIRT3", "RUBCN", "UBR1", "LNPK", "RBM8A", "TPM3", "SH3GLB2", "CORO1A", "PTHLH"]
["GRM1", "FARS2", "HSD11B1L", "COG4", "CUL2", "HBZ", "P4HB", "BRWD1", "PUSL1", "UTP3"]
["SENP2", "PRSS23", "LYRM1", "TSC1", "IDI1", "NRCAM", "ATP5PF", "B9D1", "SMAD3", "SPCS3"]
["GTF3C6", "AKAP8", "CCT5", "BTC", "DNAJB2", "STX1A", "CDKN2D", "RBP4", "COMMD1", "NOP10"]
["MORN4", "STARD3", "RIPOR2", "RPS14", "DSTN", "SCN3B", "RRAGD", "FBXO2", "TOX4", "FZD8"]
["ADCY2", "SLC35A2", "HRH1", "STIM1", "CCDC3", "NPM3", "ZNF418", "PPP2R2A", "CASP1", "DPP10"]
["TPI1", "HSPA8", "TRAPPC4", "MTA3", "EDF1", "TCF25", "PTS", "NOV", "RPUSD4", "NOP56"]
["GPT2", "NUDT18", "KCNJ12", "PNPLA6", "NUDT4", "FLOT2", "CXXC4", "MEIS3", "DCP2", "HMGCL"]
["CCT2", "PSMB3", "CHID1", "OGG1", "NCAPH2", "FAM110C", "CYP4Z1", "C1D", "POLR3K", "BAD"]
["MED24", "NT5DC3", "SLIT1", "CHMP1A", "PLD3", "EFNB2", "NAGK", "DOC2A", "ECHS1", "BRK1"]
["ATP6V1E1", "ADAR", "TOLLIP", "SLC25A26", "APMAP", "KCNK3", "STRAP", "NEDD8", "HMGN2", "EIF2B4"]
["SERINC3", "KCTD2", "EIF2S2", "VWCE", "BIRC3", "TMEM150C", "RC3H2", "RBM5", "PSMC6", "TUBB8"]
["NEDD4L", "DNAJC19", "B3GNT2", "XYLT1", "VTI1B", "SLC26A4", "DNAJC2", "EMC3", "PRKCD", "CALM1"]
["JMJD4", "BCKDK", "SF3B5", "KLK5", "SLBP", "MCUB", "DCTD", "MCRIP1", "TMEM186", "FDX1L"]
["HTR1A", "SNRPB2", "ALYREF", "ARPC4", "FBXW11", "RUNDC3A", "PRDX5", "B4GAT1", "RMI2", "NUFIP1"]
["RPL35", "DOLK", "MRPL28", "METAP1", "TBL3", "RHNO1", "POLR2G", "SLC39A4", "PINK1", "CABYR"]
["ISOC2", "DRAP1", "CENPW", "NOP16", "PQBP1", "DRD4", "OXCT1", "APEH", "GRIK2", "BAIAP3"]
["TRAPPC9", "RPAIN", "FUT9", "APEX1", "SNAP47", "HNRNPC", "GEMIN2", "TMEM117", "HMGCS1", "CAPNS1"]
["AHR", "SLC39A10", "ERGIC3", "ACKR3", "GRIK3", "MRPL14", "NECAB2", "VEZT", "PIK3CD", "GBA"]
["NUP133", "NKD2", "GRSF1", "POLE4", "USP39", "WAC", "TUBA1B", "ASXL3", "RITA1", "HDAC9"]
["SNRPE", "LARS2", "CDC27", "ALDOA", "XPA", "ZDHHC7", "JAG2", "UHRF2", "YPEL5", "UQCR11"]
["GPC4", "MAP2K1", "TXN2", "CETN2", "OAZ2", "DCUN1D5", "CLDN10", "INCENP", "RPL36A", "LTBP4"]
["NOSIP", "MGAT4B", "PRKCZ", "ZFP64", "KAT7", "ULK2", "NRDC", "CELF5", "ENOX1", "CD200"]
["DTX1", "TXNL4A", "ING2", "RPL7A", "LRSAM1", "GLRX5", "OAZ1", "ARFIP2", "EPB41L4B", "CERS4"]
["MPV17L2", "JMJD7", "PDHB", "KLHL12", "PHPT1", "WDR13", "RNF40", "ARHGAP28", "BYSL", "RPLP0"]
["EIF2S1", "TMED1", "TCTA", "TPST1", "FDFT1", "GPS1", "RNF5", "MRPS18A", "SLCO1C1", "SNU13"]
["ATP6V0C", "LMBRD1", "RHBDD2", "CERS6", "DUSP3", "ASCL2", "TTF1", "COMMD9", "SYT17", "MRPL53"]
["AP2S1", "CRTC1", "CD2BP2", "GABARAPL2", "RPL21", "GFM2", "SELENOF", "JTB", "HMGCR", "RMND5B"]
["ILF2", "ELMO2", "ZC3H15", "TRUB1", "GPC1", "PKP3", "RPS11", "TOMM5", "F12", "EBNA1BP2"]
["EIF3K", "OSTM1", "BAIAP2L2", "IL12RB2", "CBLL1", "TRABD2A", "DCTN3", "MON1A", "ECT2", "SSTR2"]
["HSPB3", "KLHL2", "BCAR1", "PPIL6", "ARHGAP1", "SLC26A11", "KLF10", "TPD52", "SNTG2", "GALNT11"]
["TBCA", "MKL2", "GNPTAB", "RPL36AL", "PRKDC", "PIN1", "SMPD1", "SERTM1", "MED10", "GPM6A"]
["SNX17", "DCAF5", "TRAPPC2L", "ME3", "STK19", "DDOST", "AP1S1", "USE1", "CRYM", "NAV3"]
["MPRIP", "CRHBP", "HGF", "TUBB4B", "GNB2", "STUB1", "BABAM2", "LSM10", "GAP43", "GDA"]
["HEXA", "TATDN1", "DTNBP1", "DEDD2", "DACT3", "CENPF", "PLRG1", "NUDT10", "PSMB7", "CCNH"]
["TUFM", "WDR26", "FAM19A1", "TMEM126A", "CCT3", "MED27", "TYRO3", "MRPS34", "PAAF1", "BTRC"]
["SLIRP", "PDXP", "PCMT1", "SMUG1", "COQ5", "ACOT7", "PTCHD1", "BOLA1", "PITPNB", "NMRAL1"]
["NDUFA11", "NDUFB2", "RSPH9", "INSM1", "NTMT1", "CRLF1", "CACNA1F", "SERP1", "STMN1", "PSMC3"]
["GMPPB", "MAZ", "NDUFAB1", "STOX1", "RPS20", "ICE1", "SPINT2", "PUS7L", "PSMC1", "USP7"]
["INPP4A", "RYBP", "TSPOAP1", "KLHL42", "LCLAT1", "SKIV2L", "PRKAA2", "AAMP", "SAP130", "TFPT"]
["MLH1", "PHLPP2", "RPL7", "UBXN1", "PKIA", "BRD7", "NECTIN1", "KIAA1024", "UAP1", "CALM3"]
["DCTN6", "MRPS18C", "KAT14", "RANBP3", "NDUFB3", "NPPA", "PITPNM2", "SGSM2", "ADCK1", "PALM"]
["LHPP", "HAX1", "DGAT2", "PNPLA3", "PGM1", "TRMT2A", "FAM160A2", "MRPL24", "GABRE", "GCNT1"]
["KLK7", "TSG101", "DENND1A", "SOX4", "KDM6A", "HAGH", "PAOX", "ADSS", "MRPL36", "TMEM199"]
["EMD", "SLC25A42", "BCR", "TRAPPC3", "TBL1XR1", "PA2G4", "DIS3L", "RPS4Y1", "CA4", "SMAD2"]
["TCTEX1D2", "ADRM1", "BOP1", "ACOT8", "MDH2", "UBA1", "TSEN34", "VASN", "PACSIN1", "GP9"]
["GET4", "TTYH1", "LIG4", "MINOS1", "RPS23", "NCKAP1", "SORCS2", "PRPF6", "RPS18", "WIPI2"]
["SERPINF1", "CCDC124", "PPP3CB", "C1orf43", "GRK6", "EXOSC1", "DNAJB6", "UBL5", "KRAS", "CLPB"]
["GALNT17", "TPX2", "ABI1", "RGS4", "PEX7", "HEMK1", "UBA52", "TXLNB", "UBE2B", "GSTM3"]
["NOL4L", "CD52", "ATIC", "F13A1", "RTN4RL1", "RAN", "TBC1D24", "TKFC", "FRMD6", "PRDM12"]
["MYADM", "DYNLL1", "BORCS5", "BRCC3", "RPL8", "DDX20", "ATP6AP1", "DHX36", "RPS5", "ANO3"]
["CYB5A", "POMGNT2", "UMPS", "CHMP4A", "RXRA", "SMPDL3A", "PPM1K", "KLF8", "VSTM2L", "SPATA7"]
["CRAT", "NICN1", "SNUPN", "SLC1A6", "HIST1H2BK", "FLAD1", "RNF167", "YWHAH", "AZIN1", "LSM5"]
["NDUFB8", "RPL35A", "PMPCB", "GSS", "DIO2", "COA6", "HDC", "GPC2", "IDH2", "ALOX5"]
["SIVA1", "CYP4X1", "DPYD", "CSGALNACT1", "PIGQ", "OVOL2", "MAD2L2", "NDUFB6", "TRIM22", "PI4KA"]
["RDH11", "C19orf70", "RB1", "PDE2A", "HIKESHI", "VPS25", "USP20", "SAMD8", "CHTOP", "NOL7"]
["PIP4P1", "CCKBR", "GPI", "SLC35A3", "CCDC32", "SGSM3", "PTRH2", "CHMP4B", "RTL10", "RPS24"]
["PRELID1", "RPS19BP1", "BABAM1", "HIGD1A", "PGAM1", "CASQ1", "TIMM17A", "UBE2M", "ENTPD6", "GPAA1"]
["GPSM1", "KXD1", "RAC2", "AP2M1", "UBXN6", "CRLF3", "PRMT2", "SRSF10", "RPL23A", "IARS"]
["NDUFAF8", "WIZ", "APBB1", "PRMT5", "COG5", "NFKBIE", "AMPD2", "ING4", "SNX13", "RPL18A"]
["MECR", "DCAF15", "KIFC3", "WDFY1", "RLBP1", "ATF7", "CPNE5", "RNF187", "DACT1", "RFC3"]
["TSFM", "PAFAH1B1", "UQCRQ", "GLRA2", "GRIK5", "RBSN", "TMEM107", "YEATS2", "PSAP", "NDUFV1"]
["THOC7", "TCP1", "HTR3B", "FAIM2", "COG1", "CLU", "ADCK2", "DGKB", "SNX10", "DHX58"]
["CLPP", "RAD17", "EFNB3", "LY6E", "PPIL1", "WNT7A", "SIDT1", "KCNT2", "RAP2B", "TEK"]
["SF3B2", "SBF1", "MYL3", "MTMR9", "PRPF31", "IL34", "TMEFF2", "MAFG", "JPT1", "DMAC1"]
["CHCHD1", "C20orf27", "ZNF350", "PRKAG1", "FOXJ3", "HES7", "GNB1L", "CPE", "KHDRBS1", "FBXO44"]
["ANAPC5", "TCAP", "TAF9", "KLHL25", "AZIN2", "BAALC", "CEP83", "MLNR", "PRDX4", "PRPS1"]
["TTYH3", "LMO3", "CLEC4G", "FAM212A", "DDA1", "PRKN", "KCTD6", "RSF1", "SEC24D", "LSM6"]
["HNRNPA2B1", "RHEBL1", "VPS13B", "NIP7", "BCL2L1", "EVI5L", "ATG7", "PRICKLE2", "MAPK12", "MCHR1"]
["RAPH1", "WDR83", "NMU", "B4GALT2", "SLC25A18", "SF3A2", "TIMM10B", "DVL1", "UROD", "RPL10L"]
["PLXNA1", "PGM2L1", "NBDY", "SAMD9", "CIP2A", "FBXO25", "WDR36", "SLC52A1", "VASH1", "PXMP4"]
["PMPCA", "MYH10", "AP3D1", "PTPA", "ARRB2", "TYRP1", "PGAM5", "CCNL2", "VKORC1L1", "MCTP1"]
["KRT17", "CTU2", "SPACA9", "DVL3", "BTBD10", "SEMA4F", "KCNG1", "FAM50B", "EIF3F", "NADK2"]
["MRPL18", "CPNE6", "SLC9A6", "KCNK1", "GLRA3", "JAZF1", "TRPC4AP", "KRT14", "RNF181", "RPL5"]
["MAPK3", "HSP90B1", "CENPP", "CHTF8", "CDC23", "LCP1", "MTHFD1L", "FDXR", "MAPK8IP2", "SQSTM1"]
["ABI2", "LAMTOR2", "NFU1", "DYNC1H1", "ST6GALNAC6", "TXNDC16", "HMGA1", "CYB5R1", "HDGFL3", "BAX"]
["LAGE3", "ZFPL1", "MYDGF", "RAB11FIP1", "PPIH", "BCS1L", "GALNTL5", "RCN1", "AK6", "CMTM8"]
["OSCP1", "LAPTM5", "FABP3", "HINT3", "RAD23A", "ENSA", "RTCA", "ATOX1", "KCNMB2", "AHSG"]
["ACTR1A", "LDOC1", "NSMF", "RTCB", "RPL32", "SELENOI", "DNAJC7", "EID1", "IMMT", "CDIPT"]
["ZNHIT3", "FAM57A", "RALBP1", "SYTL2", "SLC8A2", "SGSH", "DZIP3", "RIMS1", "RPLP1", "FBXL2"]
["THAP11", "SLC35G2", "RPL9", "PMVK", "RTN1", "NAT6", "CRK", "POLR2E", "ERLIN1", "MRPS23"]
["TRIM24", "ATG101", "VAC14", "PKD2L1", "ARFGAP2", "BASP1", "MRPL57", "DDN", "RTN4RL2", "FIG4"]
["SELENOT", "SCN2A", "RAB6B", "ONECUT1", "KPNA2", "CSE1L", "SEC24A", "ARHGEF7", "CISD1", "RAD1"]
["AGRN", "PANK3", "SPRED1", "FARSA", "PDCD6", "LGALS3", "TMEM159", "TNIP3", "PSMF1", "LARGE1"]
["ADGRL3", "PCNP", "MICALL2", "TMED9", "PWP1", "POLR2K", "ELOC", "DNAAF4", "WNT7B", "ARNT2"]
["STRIP1", "CINP", "FZR1", "CNR1", "PLEKHB2", "MYO16", "COL16A1", "TFRC", "USP48", "IGF1"]
["SURF2", "CRH", "SLC30A3", "KIFAP3", "WDR48", "CHRM2", "PYCR3", "LTA4H", "KLRC1", "PPM1G"]
["DHX30", "DRG1", "PGS1", "PRPF38A", "NMNAT3", "SNX6", "MRPS16", "GPR155", "CNRIP1", "NPTXR"]
["CEP72", "MYH7", "OTUB1", "RPS7", "RPL10", "AURKAIP1", "DNTTIP1", "RNF8", "EIPR1", "NTSR1"]
["SNF8", "TTC19", "SHANK1", "PPP1R12A", "CSPG4", "COP1", "VPS28", "CTNNA2", "COX18", "ACTA2"]
["MPV17", "SNAI2", "ADAP1", "RTN3", "RTN4IP1", "NSUN6", "MPI", "CDC42EP4", "SPIN2B", "AKAP11"]
["TSC2", "C11orf74", "ABCC12", "PAK3", "PYCR1", "C16orf70", "ODC1", "TBCD", "EFHB", "ESD"]
["NME7", "SYNM", "DLX2", "HOPX", "CDH8", "PSRC1", "ORC5", "CCL28", "GPS2", "CUEDC2"]
["RUBCNL", "SMARCB1", "ARPC2", "ATP6V1A", "CARMIL1", "ATP6V0A1", "EMC4", "MPP3", "NUPR2", "RBMX"]
["ARSJ", "CPNE1", "STEAP1", "TMEM173", "MMADHC", "FUS", "IFT27", "ZRANB3", "POLR2L", "MBOAT7"]
["DHCR24", "PRMT1", "NDP", "SPICE1", "TUBB", "NDUFB1", "TRIB3", "XK", "CLTC", "RPL23"]
["EXOSC10", "MGST1", "VRK3", "TRIB1", "PWP2", "YWHAG", "GBF1", "CCS", "NOL9", "FARSB"]
["NELL2", "TBC1D22B", "ABCF1", "TNFRSF14", "GNB1", "PARK7", "SUPT7L", "POLA2", "RNF139", "SDHAF1"]
["USP9X", "PNMT", "CCR1", "A1BG", "UPP2", "RPS12", "COQ8A", "MLLT11", "YWHAB", "TMEM258"]
["NPHS1", "CNNM4", "COMMD7", "NABP1", "TMEM59", "CDK5", "PANX1", "ABCA3", "AKR1A1", "POLR3H"]
["ZNF202", "PNMA1", "GLDC", "TACO1", "WBP2", "APLP1", "DDX47", "MRPL3", "TCEA2", "CXCL14"]
["RPS3", "CLDN4", "ALDH1L1", "ANKRD10", "B4GALNT4", "FAM192A", "FAM129B", "C1orf123", "ANXA1", "KCNJ5"]
["SLC16A2", "DECR2", "MTURN", "SSRP1", "NANOS1", "COMMD10", "PDXDC1", "CHRM3", "GULP1", "CX3CR1"]
["SIRPA", "IPO13", "EMC7", "GNA11", "POLL", "SOX5", "SAMM50", "STAT6", "COX8A", "SLC25A24"]
["GABRA5", "GABRB1", "ATP5MD", "HSF2", "DNPEP", "CD163", "TNNI3", "IL1B", "MCM6", "ACTN2"]
["KCNQ2", "SYT5", "PSMD2", "TM7SF2", "CNGB1", "DENR", "SH3KBP1", "TRMT10C", "PRDX1", "IGFBP5"]
["SPATS2L", "NPTX2", "SEC13", "RTP1", "CFAP20", "SWAP70", "FZD9", "STK4", "ATP6V0D1", "ANAPC15"]
["COL21A1", "SRSF2", "ATP5MF", "PTPRA", "IMP4", "DNAJA2", "CALHM2", "PRKD2", "TNFSF12", "FBXO6"]
["AP4B1", "MRC1", "VPS37B", "KIF3A", "MRPL55", "TMEM203", "LAMTOR5", "SRSF9", "SERPINB8", "TMEM187"]
["NR2E1", "TUBB4A", "WTIP", "SCO2", "ADGRV1", "OPRM1", "IFIT1", "SULF2", "FUCA1", "CALM2"]
["PDZD2", "MBD1", "TOX3", "CAMK2D", "CTSD", "MAGOH", "CAPNS2", "SF3A1", "RSPH1", "PEX19"]
["RPRD1A", "DAGLB", "SUPT6H", "SLC25A22", "STMN3", "TP53BP1", "NAE1", "SUPT5H", "CREB1", "CAPRIN1"]
["RPL4", "CXorf57", "SLC25A46", "LHX6", "CANX", "ENC1", "FILIP1", "SOCS7", "IL1RAPL2", "KAT5"]
["ITGB1BP1", "CARHSP1", "ERCC1", "TAB1", "G6PD", "RBM24", "CHMP1B", "COA1", "RELN", "MOCS2"]
["RAD21", "COQ8B", "MRPL44", "MED15", "PDK2", "TCFL5", "GPR88", "KLHL22", "FAS", "SDF2"]
["COPS6", "SLC41A3", "ANXA11", "DPM1", "WDR83OS", "LRP1B", "STX7", "PPP5C", "YAF2", "ETFDH"]
["NADK", "CDC123", "KIF3B", "BPHL", "SRM", "C1QA", "GPX4", "KHK", "ATP5IF1", "PIGS"]
["TSTA3", "E2F3", "PRR7", "RPS15A", "BET1L", "IL17D", "PHKG2", "MIEF2", "LRRC8B", "COX7C"]
["MSANTD4", "DUSP2", "DMTN", "CXADR", "SFRP2", "RPGRIP1L", "USP34", "PIH1D1", "RPL24", "SLC27A5"]
["SUMF1", "ATP5PB", "TBPL1", "MAFK", "PRKCG", "MRPL40", "EXT2", "FLOT1", "TMEM68", "SPG7"]
["SLC25A23", "RPP40", "SAP18", "RXFP1", "RNASEH2C", "GLO1", "PRSS3", "PSMD7", "BAP1", "RAD18"]
["INTS10", "SERPINI1", "STAB1", "VPS51", "KCNH5", "RNF41", "HRK", "ITGAM", "RTN4R", "CENPS"]
["PRDM16", "ARL14EP", "SCYL3", "CDC42EP5", "ACACA", "DPP3", "CD33", "MTX2", "LCAT", "SCGB3A1"]
["CDH13", "GSTA4", "DUS2", "MPDZ", "FZD3", "CLYBL", "PAK1", "PLEKHA3", "PARP6", "MITD1"]
["PCK2", "ATL1", "ADNP", "PEF1", "MAL2", "SLITRK1", "RPL22", "COX15", "SAMD4B", "NMT1"]
["FTSJ1", "BBC3", "MYL6", "IGHMBP2", "BANP", "CAPN5", "POLR2H", "RAB28", "PTPRR", "FAM96B"]
["APOPT1", "REEP5", "SLC1A1", "MYB", "CUL9", "PUM1", "NUDCD1", "PLA2G4A", "TMEM233", "MS4A4A"]
["SRPRB", "IGSF8", "DDX42", "OBSL1", "HEXIM2", "CALHM1", "CHAF1B", "UBE2E2", "CDC16", "ADGRG1"]
["MRPL54", "ITM2B", "RACK1", "MMS19", "SNRNP200", "GAK", "FOLR2", "ERICH3", "DGUOK", "TMEM70"]
["KDELR3", "SMPD4", "SUMO2", "NAA38", "EIF3J", "GSTM5", "MGRN1", "ADCYAP1", "ZNF649", "MBD4"]
["FKBP1A", "C1QB", "DUSP26", "ZNF263", "LAMTOR3", "ZER1", "PDK3", "CTDNEP1", "PSMG1", "CSPP1"]
["CD68", "C5orf49", "ADRB2", "SYP", "ARPC3", "IQSEC2", "DCTN1", "JUN", "NABP2", "KIF2A"]
["PARL", "RAB15", "DCAF10", "HDAC11", "NR4A2", "ZIC5", "TUSC3", "MDGA1", "WASF1", "CC2D1A"]
["RBMX2", "RFC5", "YKT6", "KCNV1", "TNFSF13B", "FAM50A", "RNF43", "RASGRF2", "SLC27A2", "BCL2A1"]
["VPS33B", "PCCB", "PSMB2", "GPATCH3", "IGSF11", "TG", "PLXND1", "CAND2", "MRPS21", "PSMB1"]
["PIGH", "PPP1R1B", "CTGF", "GRIPAP1", "XPO1", "NEURL3", "AGFG1", "GPD1L", "RPL13", "RFTN1"]
["EEF1AKMT1", "APBB3", "SFRP1", "LIG1", "ABR", "RBM10", "AGGF1", "EAPP", "ATF5", "PLP2"]
["SNAPIN", "UBE2K", "SNRPA", "UBXN8", "ADRA2C", "DHPS", "WDCP", "SRCIN1", "D2HGDH", "CHST15"]
["RPL27A", "SPTY2D1", "PPOX", "COQ9", "TRAF6", "PHB", "DDAH1", "DKK3", "ADGRB2", "WASHC3"]
["SLC17A8", "BLOC1S4", "PCBD1", "IGBP1", "BLCAP", "HGS", "SARS", "PACRG", "GOLGA5", "PRKAR1B"]
["CTNNBIP1", "DCK", "WDR77", "PRDX3", "TWIST1", "RHCG", "FBXO5", "TUBA4A", "RHEB", "TSSC4"]
["CASP5", "ERGIC2", "PLCH2", "CDO1", "SLC4A1AP", "ESYT3", "TBC1D20", "PFN2", "ZNF512B", "SLC5A12"]
["RPL13A", "NCS1", "RPS19", "RPL11", "ARMC6", "CACNB2", "RANGAP1", "COMMD5", "IKBKG", "NEU1"]
["RGS12", "MCAT", "SF3B3", "ATP8A2", "FUT8", "CYP51A1", "ST5", "CARMIL3", "FAM105A", "KCNQ1"]
["RAD23B", "NDUFS2", "MRPS7", "TACC1", "RCSD1", "DEAF1", "MIGA1", "CBX6", "ACD", "ZNF233"]
["NARF", "RNASE6", "UQCR10", "GTF3C1", "CHMP5", "MRPS14", "EMG1"]
["RYBP", "ULK2", "GET4", "TCAP"]
["LPCAT3", "PDE4DIP", "GHR", "PANX2", "CTNNB1", "ZNF589", "FAM172A", "CLIP3", "NR2F1", "NUMBL"]
["ATP2C1", "CAMK2D", "NDC1", "PRKCI", "PTPRG", "ACVR2A", "CDH3", "ARHGAP6", "MBLAC2", "BDKRB2"]
["TOX3", "CHERP", "PTPRR", "ISG15", "MKNK1", "SPIN1", "GLRA2", "AFF2", "NR2F2", "SMC6"]
["GPC4", "CMIP", "NDN", "CRLS1", "CD24", "RAB3B", "RUNX1T1", "KBTBD6", "TTC8", "KCNA4"]
["CMTM8", "THSD1", "GRIK2", "ST6GAL2", "TCEAL1", "SIAH3", "FANCL", "ZNRF1", "ZNF580", "PHF14"]
["RAD9A", "LRRTM1", "UPP2", "ARVCF", "MX2", "MORF4L2", "CAMSAP1", "RSPO3", "TEKT2", "DR1"]
["EPHA5", "DACT1", "E2F5", "HTR2C", "BEX4", "CACNA2D1", "MRPS6", "MAPK1", "TUBB", "APBA1"]
["PCOLCE2", "JPT1", "WDR1", "PGM2L1", "CSPG5", "NEURL1B", "FGD1", "CALB2", "CENPW", "FANCG"]
["ATP7B", "YWHAZ", "PTBP3", "PCK2", "SGCD", "HSPA14", "COG1", "GPD2", "PIP4K2B", "NLGN1"]
["PDYN", "GABRE", "KIAA0319", "GALNT18", "SRD5A3", "ZNRF2", "CXADR", "HTR1A", "DMD", "DPYD"]
["PCDH1", "GRM7", "RSPH9", "ZG16B", "DERL1", "ACVR2B", "L3MBTL1", "PYDC1", "CCDC120", "ZDHHC14"]
["MAP3K5", "NSUN6", "CAPZB", "WFS1", "TRAPPC2", "CPNE6", "SOGA1", "TEK", "SLC29A4", "GRM1"]
["TIMP2", "NRP2", "LPCAT1", "ONECUT1", "C2orf70", "OTUB2", "NCAM2", "PLCH2", "TRPC4", "SCN3B"]
["CASK", "CDC42BPB", "MRPL49", "NEXMIF", "BRD4", "NBDY", "TMEM242", "MED29", "GRIA1", "TSG101"]
["NCAM1", "CDH2", "CPNE7", "PTPRJ", "PTHLH", "SMIM14", "CRMP1", "ATP6V1D", "SPA17", "C12orf73"]
["ZMYM3", "NHLRC1", "TOR1A", "CD200", "VPS37B", "RAB11FIP4", "PSMD13", "PEA15", "NECAB2", "LIMD2"]
["IL1B", "TPM1", "NUS1", "SYN1", "TMEM107", "RRAGB", "HERC4", "GUCY1A1", "RAB2A", "PTPRA"]
["C1R", "PPFIA2", "DNAJC12", "UBTF", "RASGEF1B", "MLF1", "ST8SIA4", "GRIN2B", "ZNF436", "RXRA"]
["PDE2A", "ANKRD6", "CELF5", "TXLNB", "PTCHD1", "LIMCH1", "TTYH3", "USP11", "TCAP", "LARP1"]
["TSPOAP1", "GABRB3", "PTBP2", "CAV2", "FAM161B", "BDNF", "DIAPH2", "BTG3", "DAB1", "MYO16"]
["VASN", "PLPPR4", "UTP11", "ZNF471", "RIPK2", "UHRF2", "MAPK3", "CDH4", "DNAH5", "ZWINT"]
["KMT5A", "NSG2", "S100P", "PAICS", "PXDN", "CDK5R1", "POMZP3", "SRR", "PRKG1", "C1orf194"]
["ADGRL3", "REXO5", "CCL28", "MTMR1", "COL4A1", "RAB11FIP1", "MRPS10", "GRM5", "DDX54", "RNF2"]
["SOX4", "MTMR12", "LTBP4", "ATP2B4", "ABR", "EIF4EBP1", "TRPC1", "NUPR2", "FNBP1L", "DIXDC1"]
["CHD3", "ZBTB18", "ACOT2", "ILDR2", "FYN", "PTGER3", "GMDS", "NLGN3", "CYB5B"]
["MPV17L2", "LTBP4", "CHMP1A", "CNGB1", "FUCA1", "RNASEH2C", "SPPL3", "TMEM53", "NRP2", "TRIM24"]
["GSS", "PTGER4", "CPNE6", "FARSB", "DHRS2", "TRIM27", "PXMP4", "ASCL2", "ADGRL3", "DNAJB5"]
["RIPK2", "DRG2"]
["NHLRC1", "LTBP4", "RYBP", "TMEM18", "SRD5A3", "TEKT2", "SOX4", "TCAP", "MYLIP", "ULK2"]
["HNRNPC", "ZNF436", "CXADR", "A1BG", "GET4", "HMGN2", "ZDHHC14", "RAB40B", "HIST1H2BK", "BTC"]
["CASP5", "P2RY6", "NCAM2", "DDX54", "ZRANB3", "VPS37B", "LIG1", "SAMD9", "FBL", "ANAPC5"]
["CD163", "GRM1", "CYGB", "RBM3", "GRIK2", "VPS37C", "CPNE6", "STARD3", "BCAR1", "ADGRL3"]
["MMD", "E2F5", "NRP2", "KIF22", "MBD4", "GPC4", "POC1A", "IPO13", "SIVA1", "FDXR"]
["PMF1", "SLC52A1", "COQ7", "BIN1", "RILPL1", "PDE2A", "ERLIN1", "KLRG1", "NEDD4L", "NBDY"]
["PLPPR4", "LSM3", "SSH2", "RIPK2", "CRMP1", "IGFBP5", "GABRB3", "BATF3", "MAD2L2", "TOR3A"]
["STAG3", "KLHL2", "SUMO2", "RAE1", "PTPRR", "RSPH9", "RPL36A", "TOX3", "GPR88", "DACT1"]
["TNIP3", "PGM2L1", "RASAL1", "ACVR2A", "FAM105A", "PTGER4", "IL1B", "DCAF15", "ZWINT", "TSG101"]
["SF3B3", "PNMT", "NUPR2", "RFC3", "EID1", "TLE6", "PTBP2", "BCS1L", "HTR1A", "RIPOR2"]
["SERTM1", "CACNA1F", "BIRC3", "PHF13", "CELF5", "RNASEH2A", "TUSC3", "NOP56", "APLP1", "DPYD"]
["RPL36", "MPP2", "FIP1L1", "SLC29A3", "GABRE", "RAP2B", "FAM19A1", "PAFAH1B3", "MZT1", "ISG15"]
["SLC8A2", "CCDC32", "MS4A4A", "TSPOAP1", "TMEM181", "NIT2", "COP1", "NUP85", "PYDC1", "THRA"]
["ARHGAP33", "VASH1", "SLC5A12", "JMJD7", "MYO16", "RMI2", "SIN3A", "PTCHD1", "EARS2", "RPS7"]
["BORCS7", "P2RX2", "CDC42BPB", "NAV3", "NECAB2", "MBLAC2", "ANKRD12", "TRIM24", "RPS24", "FNIP2"]
["TMEM107", "ACTB", "CENPW", "YLPM1", "ESD", "CD200", "EPHA5", "POLR3GL", "PKIA", "CAMK2D"]
["IKBIP", "FANCL", "METTL23", "INSM1", "TRPV2", "CMTM8", "XPO1", "THTPA", "MYB", "TOMM6"]
["RRAGD", "GNPTAB", "YWHAZ", "C1R", "DHX58", "NSUN6", "RPL37A", "NOVA2", "NMRAL1", "PTDSS1"]
["PRKN", "ENTPD6", "RBM5", "PDE4C", "GUCY1A1", "HERC4", "TBC1D14", "PGLS", "CPNE5", "PPIL6"]
["IL12RB2", "HIST1H2AB", "RPLP1", "PPM1F", "SLC16A8", "ADGRB3", "C16orf70", "SNRPC", "LOR", "HARS2"]
["STYK1", "CDH1", "NADK", "SAP30BP", "PHACTR3", "RXRA", "UCHL3", "PCK2", "GPM6A", "CANX"]
["PLA2G15", "GLRA2", "CXXC4", "RPL35A", "RPL26", "ONECUT1", "TUBB", "TRIB3", "ALPL", "PLCH2"]
["RBBP7", "FOXRED2", "CELF4", "RAD17", "PRKG1", "RHBDD2", "UBTF", "CDH4", "PAN3"]
["TCAP", "PCOLCE2", "ARVCF"]
["ABCB8", "TMEM18", "RXYLT1", "ASCL2", "FDXR", "PTAFR", "PYCARD", "VCP", "WDR1", "HILS1"]
["PRMT6", "DPYD", "OTUB2", "SGTA", "PTGER4", "TNNI3", "SAMD9", "POLR2L", "RIPOR2", "ZWINT"]
["PTPRA", "CEBPA", "CHID1", "HIST1H2BH", "C12orf73", "LOXL3", "HIST1H2BL", "TSG101", "GRM1", "BIRC3"]
["RHBDD2", "MYB", "HIST1H2BO", "TRIM24", "RNASEH2C", "PSMD8", "RSPH9", "GABRB3", "EEF1AKMT1", "ZG16B"]
["RNPEPL1", "TMED10", "GPC4", "FBLN5", "SIDT2", "FAAH", "RNF7", "MMD", "ALKAL2", "FAM105A"]
["STAG3", "FSCN1", "RIPK2", "EIF4EBP1", "TMEM50A", "TMEM181", "MPV17L2", "GABRB1", "TP53BP1", "APBA1"]
["IGFBP5", "H2BFS", "SIN3A", "DENND1C", "VLDLR", "PDGFB", "PAXX", "CCDC112", "RRAS2", "P2RY6"]
["LMAN2L", "HIST1H2BN", "SPRED1", "RAP2B", "HIST1H2BM", "APOC1", "SAP30BP", "MAPK3", "P3H4", "ONECUT1"]
["TYMP", "COPZ1", "CHPF", "NANOS1", "PEA15", "HIST1H2BD", "VASH1", "ULK2", "CRNKL1", "D2HGDH"]
["UBE2J1", "PYGL", "APRT", "F12", "GRIA1", "RRAGB", "SUPT6H", "CHMP1A", "CLCN7", "ARID1A"]
["SLC29A3", "CALB1", "MAPK8IP1", "PXMP4", "NLGN3", "PDE2A", "MTMR3", "BAHD1", "CEP83", "RYBP"]
["CPNE7", "PPM1F", "PSMB2", "SWSAP1", "ADIRF", "GUCY1A1", "TRAPPC2L", "NEK6", "MICALL2", "DLG4"]
["BRD4", "TUBB", "ANKRD13B", "PABPC4", "TNFSF13B", "PLCB2", "HIST3H2BB", "WDR66", "DERL2", "RRP9"]
["CACNB3", "DUSP18", "MACROD2", "AGPAT1", "FRG1", "BATF3", "UFL1", "DCAF15", "SPPL3", "TMEM53"]
["CAMK4", "HSP90B1", "SLC16A2", "PTBP2", "AIM2", "TFEC", "CRIPT", "KCNN3", "CHRNA3", "ADGRG6"]
["CENPW", "ZNF521", "SLC4A3", "P2RY12", "FAU", "WRNIP1", "SIGLEC11", "ROBO1", "MARK1", "MESP1"]
["CANX", "HACD4", "PHF13", "PPP2R3B", "MRPL55", "KLF8", "GABRE", "GOSR2", "RFC3", "DRG2"]
["IQCG", "AP5S1", "ASIP", "FAM120A", "ERBB2", "GRP", "FUCA1", "IL33", "C15orf39", "RNF10"]
["TMIGD3", "SMARCAD1", "ELOB", "RASAL1", "HIST1H2BB", "PHPT1", "DNALI1", "RNF181", "C1QC", "GSTM5"]
["RPL18", "HCST", "TSEN34", "PANK3", "COL9A1", "FZD1", "ABR", "TNNT1", "SLC8A2", "THRA"]
["WDR77", "PRKCD", "TTL", "TRPV2", "KLRG1", "ADGRB1", "PDCD5", "GAL3ST4", "TNKS1BP1", "HMGN2"]
["PLVAP", "NUS1", "TRIB3", "SF3B3", "EBP", "NUCB2", "DHRS2", "FAM241A", "ARPC5", "TXLNB"]
["TRIM27", "SUMF1", "HTR1A", "BTC", "DACT1", "PPIL6", "PTGER3", "HPGDS", "IFI16", "BDNF"]
["UBA52", "RPS24", "CDC42BPB", "TRIM71", "SBF2", "CSF1R", "TCF3", "WDR62", "TIGD6", "PSIP1"]
["FKRP", "TNIK", "RBM3", "TOMM6", "GADD45GIP1", "DOCK7", "PGM2L1", "SEC61B", "ZNF572", "GABRA5"]
["ZWILCH", "COQ7", "PRSS23", "RSPH1", "NUP214", "NEDD4L", "UTP11", "CRY2", "FAM181A", "TDRD9"]
["PRPF40A", "POLR2J", "IRF2BPL", "WDR44", "AKIRIN2", "ATOX1", "TOPBP1", "FBXO44", "DERL1", "MGAT2"]
["AFAP1", "PCDH15", "TOR1A", "ADAP2", "C1QTNF4", "DNAH2", "SYN1", "FAAP24", "DOK1", "KCNG1"]
["HIST2H2AC", "ENTPD6", "MERTK", "KRR1", "TRIM17", "SPA17", "TCF7L1", "DRC1", "TSPOAP1", "FKBP1A"]
["KDM3B", "KDM1B", "PKNOX1", "PON3", "SPICE1", "PFDN5", "ACTN1", "SMURF2", "RCN2", "RPL30"]
["ARHGAP28", "HIST3H2A", "ABLIM3", "CDK5R1", "CCHCR1", "ARFGAP3", "C1QA", "RRP7A", "AP2B1", "MAGOHB"]
["RLIM", "JMJD7", "ZNHIT1", "NR2F2", "MLF1", "SLC27A5", "GSS", "RASAL3", "MCCC2", "ALCAM"]
["CDH2", "CTSO", "HPCA", "FBF1", "ARRB1", "APOE", "MYO16", "ESD", "TRIM8", "RAD17"]
["FAM212B", "AVIL", "P2RX2", "TAF1A", "MAD2L2", "SMIM30", "PPP1R32", "STARD3", "GNAI1", "EFNB3"]
["NALCN", "PLCD3", "DMGDH", "GLUD2", "MGST1", "CD8A", "ERF", "PLA2G15", "RILPL2", "ORC3"]
["PYCR1", "IP6K1", "RPL32", "CYGB", "DNAH5", "ARRDC1", "CLEC9A", "NSL1", "KCNK2", "TRIM11"]
["PSENEN", "OTUD1", "CMKLR1"]
["FAM76A", "DNAJB5", "ARVCF", "NDN", "HIST1H2AB", "TCAP", "ST8SIA4", "NEURL1B", "CDH3", "PUS7L"]
["PLCH2", "PANX2", "VPS37B", "ACVR2A", "NRP2", "CHTF18", "LPCAT3", "CX3CL1", "KLK12", "LRRTM1"]
["EXOSC8", "ZNF589", "TRAIP", "SOX4", "CAPN10", "VIPAS39", "PCOLCE2", "LTBP4", "GHR", "TERF1"]
["BTG3", "NCOA6", "ACCS", "WNT4", "FANCL", "FAM172A", "RFC5", "LIG1", "KDM4B", "SSBP2"]
["MBIP", "MAP3K5", "PHF14", "PTH2", "PLPPR4", "EPHA5", "E2F5", "SLC52A2", "CPNE6", "RAB23"]
["KIF22", "EXTL3", "NUPR2", "ZNF580", "SMARCD1", "DIXDC1", "ZBTB48"]
["CYGB"]
["TCAP", "RAD9A", "GABRE", "CDH3", "FANCG", "MST1R"]
["PCOLCE2", "IRF2BPL", "PDYN", "ACCS", "AFF2", "RBM3", "NCAM1", "DNAJC30", "S100P", "PANX2"]
["ARHGAP6", "PSMD13", "TCAP", "MRPS10", "PCK2", "CLIP3", "ZNF580", "DR1", "LPCAT3", "GHR"]
["C2orf70", "DMD", "GPD2", "HNRNPLL", "TMEM68", "IL18BP", "ZNF449", "CEP89", "BEX4", "SPTBN1"]
["MAPK1", "ZWINT", "SMIM14", "FAM241A", "DIAPH2", "IRF5", "NUMBL", "CUL7", "DAB1", "ZNF91"]
["NFIB", "FYN", "RPN2", "NHLRC1", "GPC4", "ARVCF", "MYLIP", "SMC6", "MPV17L", "CFLAR"]
["ATP2C1", "CPSF6", "KMT5A", "CDH3", "UBTF", "PANK3", "TPM1", "KBTBD6", "RAE1", "TRPC4"]
["PDE4DIP", "OPHN1", "PTBP3", "MED29", "TOP1MT", "TLE6", "CCDC85C", "HAUS2", "FAM129A", "CASP5"]
["E2F5", "RPP30", "L3MBTL1", "POLB", "PUS7L", "WDR59", "SMAD4", "ZNRF2", "HTR2C", "ONECUT1"]
["CDH4", "COQ4", "WDR1", "RRAGB", "PABPC3", "SBF2", "DERL1", "FAM172A", "RAB40B", "ARHGAP18"]
["CMIP", "ILDR2", "EPHA5", "MYCN", "TOX3", "MBIP", "ZDHHC15", "TDG", "SCO1", "EIF2B3"]
["PNN", "RXRA", "HCLS1", "ZNF589", "NT5C3A", "CCDC15", "HINT3", "PPCS", "TBC1D14", "EPN2"]
["ADH5", "NLGN3", "TIMP2", "QSOX2", "ATP7B", "LIG1", "AP5S1", "MBLAC2", "BTG3", "VPS37B"]
["VTI1A", "BRD4", "MRPL49", "PRKG1", "BBS4", "CD74", "NDN", "POLR1E", "PCDH1", "SLC7A14"]
["MAP3K5", "NEURL1B", "P2RX2", "IL1B", "MYO16", "CPT1C", "TMEM100", "RPL6", "NUPR2", "DDX54"]
["NR2F2", "BRD3", "STT3B", "OTUD4", "UFM1", "SUFU", "RAB8B", "MAPK8IP1", "CD24", "COCH"]
["GRM1", "FAM161B", "CPNE3", "PCDH15", "UBE2J1", "NSG2", "GOSR2", "SYN1", "ATP8A1", "SOCS2"]
["CSNK2A1", "PLIN2", "UCHL3", "FAM105A", "EGLN1", "SARAF", "EXOC4", "VHL", "BCS1L", "ZDHHC14"]
["CSF1R", "TOPBP1", "ACVR2A", "NPTX1", "XIAP", "FEM1A", "TCEAL1", "CREG1", "TRAIP", "NUTF2"]
["SOGA1", "CXADR", "KIAA0319", "DENND2C", "AGAP2", "HTR4", "STAG3", "RAB3B", "NPHP1", "NUCB1"]
["APTX", "RAD9A", "CASK", "PPIL4", "PAFAH1B3", "PTPRS", "CDC42BPB", "KCNA4", "CACNA2D1", "ERCC6L2"]
["GALNT18", "SAMD5", "VPS13B", "RALGDS", "C3orf33", "HNRNPH3", "TAF15", "WBP11", "CSNK1D", "TBC1D22A"]
["PTPRR", "CCL19", "DPYD", "CAMK2D", "RAB23", "RBM4", "WDFY2", "FAM126A", "IKBIP", "MALL"]
["TRIM17", "CYB5B", "TNFAIP8L3", "RNF169", "GLRA2", "LPCAT1", "IFT74", "NOS1AP", "CPNE6", "ISG15"]
["HSP90AB1", "PTPRG", "RPS29", "NAF1", "GTF2E2", "DUS4L", "KSR1", "CACNA1E", "NRP2", "FBL"]
["RSF1", "UPP2", "FAM212B", "FANCL", "SUMO3", "CHRNA3", "LRRTM1", "ST8SIA4", "OTUB2", "PTPRN"]
["CHD3", "CDK5R1", "VARS2", "CAPZB", "C12orf73", "DGKH", "DBN1", "SCN9A", "DTWD1", "HNRNPC"]
["EXOSC2", "GET4", "SCD5", "BHLHE22", "MTMR7", "FOLR1", "KRT18", "KDM1B", "SGCD", "CAPN10"]
["SRD5A3", "IGFBP5", "MACROD2", "DNAJC12", "PTDSS1", "IL15", "DAP", "STARD3", "NUP43", "SLC35A3"]
["RPS8", "KCNIP1", "OS9", "CAMSAP1", "SF3B3", "RDM1", "HERC4", "TTC8", "TAF4", "RPS17"]
["PAN3", "EID2B", "CASP6", "GPR88", "ELAVL1", "ZNF274", "NFRKB", "HIST1H2BN", "GPR83", "ZMYM3"]
["CALN1", "LTBP4", "TRIM8", "IFI16", "YBX1", "GRIN2B", "RFC5", "NR2C2", "SLC4A3", "NDFIP1"]
["ABLIM3", "PIK3R5", "CPSF4", "UBXN4", "MRPS6", "TMEM43", "TDRD9", "MAGOHB", "STRN4", "APOC1"]
["CASC4", "PCYT1B", "CEP128", "RHPN2", "NCAPG2", "CDH2", "MAP6", "C1orf194", "FUT4", "TFEC"]
["FOXA2", "RSPH1", "H2BFS", "SNRPD3", "AKIRIN2", "THSD1", "INSM1", "FNBP1L", "HIST1H2BK", "DDI2"]
["FGD1", "AGAP1", "COL4A2", "ASIP", "B3GNT4", "GABRA2", "HLA_B", "RBMX", "MAVS", "PHF14"]
["CALB2", "GRIA1", "LACTB", "BTG1", "FUBP1", "ACSM2A", "MLF1", "PDLIM5", "AK8", "SLIT3"]
["CENPW", "RAB8A", "TCP11L1", "CDKN1A", "ATF7IP", "SUPT6H", "ATP6V1D", "YWHAZ", "CMKLR1", "MBD4"]
["ZNRF1", "PEG10", "PRAM1", "CSPG5", "JUND", "RNF2", "COL4A1", "BTC", "PLPP4", "SOCS7"]
["S100A10", "SPA17", "KCTD10", "KLHL1", "SLC38A7", "DEAF1", "RAB12", "CHTF18", "CENPO", "CBX1"]
["GLUD1", "KLRG1", "GEMIN8", "GRB2", "PLCH2", "NBDY", "PDIA3", "WWC1", "NFYA", "HEXA"]
["COG1", "GPR107", "BIRC3", "LANCL2", "LIMCH1", "ATP6V0A4", "HILS1", "BMP2K", "WDFY1", "SLC22A4"]
["GSTM5", "PSIP1", "USP11", "PPP2R3B", "PLD6", "SPRED1", "CD84", "MERTK", "KIAA1324", "PBLD"]
["SRSF4", "CD8A", "CLEC2D", "PRKCI", "PTPRJ", "SLC16A8", "PIK3R2", "ZWILCH", "DERL3", "YWHAE"]
["ETNK1", "PTAFR", "EFCAB6", "MID1", "MNT", "PHC1", "PPP6R1", "PPFIA2", "GABRG1", "TNNC1"]
["RSPO3", "TECPR1", "SESN3", "PEX16", "ZNF438", "SLC26A8", "SFMBT2", "SPTSSA", "CLCN7", "RUNX1T1"]
["DIXDC1", "RAP1B", "KCNK2", "ANK3", "TEKT2", "TFG", "WFS1", "RGS14"]
["NR2F2", "PCOLCE2"]
["PCOLCE2", "PDYN", "TCAP", "NFIB", "AFF2", "P2RX2", "PSMD13", "MBIP", "ARVCF", "CASP5"]
["BEX4", "DNAJC30", "DMD", "PCK2", "ARHGAP6", "S100P", "POLR1E", "FAM172A", "MYO16", "RAE1"]
["PTBP3", "NUMBL", "CAPZB", "LPCAT3", "IRF2BPL", "NDN", "PANX2", "QSOX2", "ZWINT", "SMC6"]
["GHR", "SOCS2", "MYCN", "TOX3", "ESD", "NEURL1B", "EXOSC2", "PDE4DIP", "GPD2", "GPC4"]
["MAP3K5", "TPM1", "EPHA5", "C2orf70", "FAM241A", "CD24", "DDX54", "COQ4", "MRPS6", "ST8SIA4"]
["CDH3", "TRPC4", "ATP2C1", "ZNF274", "FEM1A", "MRPS10", "CXADR", "RXRA", "NOS1AP", "GRB2"]
["TFG", "PTPRR", "TLE6", "TNFAIP8L3", "DR1", "NPTX1", "MAGOHB", "CAMSAP1", "CDH4", "RBM3"]
["BTG3", "MBD4", "KLK12", "DAB1", "BRD3", "MBLAC2", "KCNIP1", "MYLIP", "GRM1", "SMAD4"]
["UBTF", "NT5C3A", "ATP7B", "IL1B", "DIAPH2", "ATP8A2", "RSPO3", "GET4", "PUS7L", "ACVR2A"]
["NABP1", "IL34", "COL4A2", "ACCS", "UPP2", "NCAM1", "SMIM14", "PCDH1", "HNRNPLL", "PTDSS1"]
["ATP6V1D", "MAPK1", "LIG1", "TMEM68", "PABPC3", "KBTBD6", "CMIP", "ZDHHC14", "RPL6", "C3orf33"]
["PLIN2", "E2F5", "MPV17L", "SYN1", "VPS13B", "VPS37B", "IKBIP", "VARS2", "PSMD8", "KCNA4"]
["GRK5", "HTR2C", "PTPRG", "LDOC1", "SAMD5", "TTYH3", "RAB3B", "CENPW", "WDR1", "LY96"]
["GUCY1A1", "TKFC", "TDG", "NUPR2", "CLIP3", "NHLRC1", "COL4A1", "PRKG1", "MORF4L2", "C12orf73"]
["ZWILCH", "RBMX", "NPHP1", "FAM129A", "CAMK2D", "HTR4", "FANCL", "BRD4", "PLA2G15", "MEAF6"]
["GLRA2", "PIGB", "ZNF589", "CD8A", "NCAM2", "RPS17", "STRIP2", "SLC35A3"]
["P2RY6", "LSM3", "UQCC3", "RILPL2", "PUF60", "ALPL", "HRASLS", "PID1", "CARD16", "NHLRC1"]
["PTGER3", "SQLE", "CARD17", "RASAL1", "RPL36", "SLC27A3", "BORCS7", "NIT2", "GPC4", "RPL29"]
["HBG1", "VPS37C", "EMC6", "THTPA", "RPL10A", "POC1A", "PGLS", "ATP2B4", "RPL12", "CDC42BPB"]
["TMEM18", "UBE2S", "PTGER4", "CYGB", "ACTG1", "THRA", "SSTR1", "C1S", "ACOT2", "SH3RF1"]
["CHMP2A", "RXRA", "GRIN3A", "PREB", "BTC", "TNNT1", "ACP1", "NDUFC2", "LTBP4", "NABP1"]
["MIF", "TUBB2A", "TMSB4X", "ELL3", "MMD", "SYT17", "TRPV2", "ARMC10", "SLIT1", "TKFC"]
["SLC29A3", "ADCY7", "SNRPC", "IL34", "NDUFS6"]
["FAM172A"]
["LTBP4", "NRP2", "IL1B", "CPNE6", "RXRA", "BTC", "ZNF436", "IL18BP", "UTP11", "NBDY"]
["SAMD9", "A1BG", "HIST1H2BK", "FDXR", "JMJD7", "PTGER4", "P2RX2", "CDC42BPB", "TRIM24", "PREB"]
["RNASEH2A", "RAP2B", "SRD5A3", "MESP1", "DHX58", "DPYD", "GLRA2", "RASAL1", "SAP30BP", "TRPV2"]
["ONECUT1", "P2RY6", "PLPPR4", "CNGB1", "TMEM18", "SGTA", "NIT2", "ELMO2", "SGCD", "CHID1"]
["CHMP1A", "SH3RF1", "SLC52A2", "RHBDD2", "TOMM6", "YWHAZ", "BIN1", "PEA15", "PNMT", "RGS22"]
["LILRA4", "DNAH5", "SIN3A", "WNT7B", "DYRK1B", "ASCL2", "RNF7", "KCNG1", "BORCS7", "DNAAF4"]
["DR1", "SLC16A2", "STAG3", "MYB", "FAM181A", "FAM129A", "PTBP2", "PDE2A", "PTGER3", "BCR"]
["CEBPA", "ARHGAP28", "C2CD2L", "POC1A", "MRPL55", "HBZ", "ISG15", "NECAB2", "WDR77", "SELENON"]
["PDCD5", "SNAI2", "MGAT4B", "ATP2B4", "TBC1D24", "BLVRB", "SCN9A", "RILPL2", "PTPRA", "UBE2S"]
["MAPK3", "PTGES", "HMGCR", "CANX", "DNAJB5", "MOB1B", "SIDT2", "NUS1", "SCN3B", "NOL4L"]
["DENND1C", "CARMIL3", "WFS1", "DHRS2", "ALKAL2", "CPE", "ANKRD6", "PRMT6", "CEP83", "ATP8A2"]
["PYCARD", "VOPP1", "RAC2", "RPL27A", "RRAS2", "SLC16A8", "KLHL2", "SEMA4F", "HSP90B1", "FIBCD1"]
["NADK2", "ARPC3", "PSMB2", "TKFC", "CXorf57", "VCP", "MAF", "ZBTB48", "NEDD4L", "DCAF15"]
["JPT1", "CPNE7", "MPP2", "GTF2H5", "POLR2L", "ERG28", "SERPINB8", "TRIM27", "PTCH1", "RNF10"]
["HEXA", "MKL2", "RNASEH2C", "TNNI3", "ADIRF", "COPZ1", "EFNB3", "RPLP1", "ZNF764", "SPICE1"]
["YWHAQ", "PELI1", "FKBP1A", "FARSB", "CCDC90B", "ADRB2", "MS4A4A", "ROBO1", "PYGL", "NME4"]
["MRC1", "SPPL3", "GTF2F2", "CASP5", "TP53BP1", "IL34", "NEK6", "ATP5IF1", "NANOS1", "TSEN34"]
["NDUFAF8", "USP9X", "CD163", "LOR", "IL33", "APMAP", "GUCY1A1", "LOXL3", "COG1", "CDC42"]
["PDGFC", "ANK3", "MAD2L2", "HCLS1", "ACOT2", "UBA52", "ZNF521", "B3GALT6", "CAPZB", "DEAF1"]
["SNTG2", "RNASE6", "NDUFC2", "PCDH15", "L3MBTL1", "EIF4EBP1", "AP5S1", "CD68", "PRSS23", "FBXO44"]
["NPAS3", "RPL23", "ITGAM", "CREG1", "TMED10", "SIGLEC11", "TMEM53", "KIF2A", "CNR1", "SWSAP1"]
["PLPP4", "ATP6V0A4", "ADGRG6", "PELP1", "SLC25A23", "ADGRB1", "SUPT6H", "FUCA1", "RASAL3", "SEC22B"]
["ASIP", "UQCC3", "CD74", "DNALI1", "PLCB2", "GAL3ST4", "FNIP2", "PYCR3", "C12orf73", "ACSL4"]
["SULF2", "NDNF", "MAPK8IP1", "CCNA1", "RMI2", "MFSD12", "B3GAT1", "ENTPD6", "SNRPD3", "TMEM181"]
["SNRPB2", "WDR3", "SLC2A4RG", "FBLN5", "SLIT1", "LMAN2L", "BRWD1", "MACROD2", "SLC4A3", "SNRPC"]
["BLCAP", "GGCX", "SLC27A3", "B9D1", "SNX13", "MAZ", "RPL32", "DMGDH", "HACD4", "RXYLT1"]
["GNPTAB", "TMIGD3", "P2RY12", "C1QA", "RPL30", "MRPL44", "RAMP1", "C1QC", "YWHAH", "PGRMC1"]
["RARS", "LCLAT1", "CLEC9A", "CELF4", "ATAT1", "TIMP2", "ADAP2", "TNKS1BP1", "ATOH7", "BAIAP2"]
["ABCB8", "HILS1", "MYL12B", "MBOAT7", "SUMF1", "S100P", "FOLR2", "ZMAT2", "ARFGAP3", "HTR2C"]
["PXMP4", "FAM110C", "ARHGAP33", "LCAT", "VIM", "ADGRG1", "SQLE", "ZNF45", "PAK3", "NACC1"]
["MGST1", "MGRN1", "ARL16", "HCST", "DERL3", "CCDC6", "PDGFRA", "KRT83", "NUDT11", "TMC8"]
["TBCA", "COCH", "GSTO2", "CCR1", "MPV17L2", "PRKCD", "CACNA1F", "KCNN3", "PRKD1", "CD8A"]
["SSTR1", "APBB1IP", "ZNF438", "CCNF", "XAB2", "NDUFB1", "SNX7", "DLEC1", "WDR62", "CDC34"]
["TRAPPC2L", "CHST1", "SLC44A2", "INTS4", "UBA7", "RPL12", "ERBB2", "MTMR3", "IFI16", "PHPT1"]
["TLR2", "PLPPR1", "DEGS1", "RTN4RL1", "KCNQ1", "RHBDF2", "SLC30A10", "AP3S1", "WDR6", "SMIM14"]
["GINS2", "CASP1", "VAMP2", "GABRE", "MOSPD2", "MEIS3", "ACTB", "FILIP1", "TFG", "THTPA"]
["RLBP1", "HLA_DMA", "FAM184A", "CCDC85C", "TNNT1", "DOK1", "WDR66", "CCL19", "FABP3", "APRT"]
["KCTD2", "SF3A2", "BPHL", "KLF8", "EEF1A1", "SDF2L1", "DKK3", "IRF2BPL", "RUBCNL", "HIST1H2BM"]
["SEC23B", "PGBD5", "ZNF572", "FZD1", "TYMP", "AK5", "ITGAX", "RAB10", "ALPL", "FAU"]
["RCN1", "MED18", "DDA1", "SIRPA", "RAB27B", "CCR5", "RAPSN", "ADAM28", "RBM15B", "STYK1"]
["MAN1B1", "PRKN", "PNRC2", "PID1", "MT3", "VIPAS39", "NABP1", "SSTR2", "ACP1", "RPS18"]
["BLOC1S1", "ATOX1", "VAC14", "GABRA5", "RNF181", "DGKB", "GOLT1A", "LARP1", "IPO13", "CASK"]
["SNAPC5", "SRSF12", "SLC9A6", "ITGB7", "HIST1H2BH", "HIST1H2BO", "TMEM246", "NPTX2", "DIS3L", "BEX3"]
["CCDC112", "PPP4R4", "TP53I3", "SPINT2", "SMAD9", "CETN2", "APOE", "ABI1", "POLR2J", "PPCS"]
["PRDM12", "CD81", "FDFT1", "UBE2E2", "HTR3B", "CSF1R", "ADGRB3", "ANKLE2", "RAN", "AP2B1"]
["NLGN3", "DRG2", "ELOB", "TSPAN6", "TMEM173", "PA2G4", "STRN4", "EGLN1", "S100Z", "SNCG"]
["SAMD9L", "MAGED1", "SLC27A5", "DUS4L", "C2orf70", "TXN", "CAMK4", "H3F3C", "CADM1", "KCNG3"]
["PYCR1", "PDGFB", "CTBP2", "HIST1H2BL", "VEZT", "OST4", "MAP1LC3A", "GOLGB1", "IFI27L2", "LST1"]
["MAP2K1", "ZNRF4", "BTG3", "TRIM8", "TSTD1", "GGA1", "UBL5", "UBE2N", "DENR", "SREBF1"]
["FAM174B", "ALYREF", "MIF", "GPC2", "SLC17A8", "SLC25A22", "DNAJC12", "DERL2", "MED4", "HCFC1"]
["BAHD1", "WIZ", "CFAP70", "PSMB1", "MYO1F", "PPP2R3B", "RTN4RL2", "KCNA4", "APOC1", "CFAP44"]
["STX1A", "FANCF", "PPP1R32", "SUMO3", "LMAN2", "LSM5", "NLE1", "TCF7L1", "TMEM130", "ACTG1"]
["ATAD3A", "PIM2", "ZNF350", "CD33", "SLC30A3", "TMPRSS5", "POLR2I", "RARRES3", "ANO3", "HBG1"]
["TMEM86A", "SOX11", "APBA1", "RCN2", "CACNG4", "GEMIN8", "SYT17", "TRMT5", "FCHSD2", "RPL29"]
["ACKR3", "WDR1", "RRAGB", "ZC3HAV1", "PPP3CB", "GLUD2", "UQCC2", "LAIR1", "SWAP70", "PSMB4"]
["SF3B6", "PEX19", "NELFE", "MBNL3", "CARD17", "RSU1", "ZNF649", "SLC39A4", "YIF1A", "WASHC3"]
["CYP46A1", "RGS10", "SEC63", "ARRB2", "DLG2", "FYN", "ZNHIT1", "ZNF233", "MNDA", "ATXN10"]
["RABEP1", "LPAR6", "TIPIN", "SARNP", "MED8", "USF3", "GRB14", "SGSH", "NUPR1", "SLC24A3"]
["ATP6V0B", "DGKA", "MRPL3", "CREM", "TPT1", "SLC1A4", "RPS6", "ALOX5", "MVD", "CSE1L"]
["ADRA2C", "RBP4", "HLA_DMB", "TXNL4B", "PLCG2", "ENY2", "HMGCLL1", "HAVCR2", "CDC16", "WASF1"]
["HMGCS1", "PTPRC", "FKBP1B", "CDK4", "ABI3", "DDX20", "CHPF", "DTX1", "CASTOR1", "LY6E"]
["TOM1L2", "CAMLG", "P3H2", "GRIN2C", "PLD6", "PPP4C", "CAPG", "CYFIP2", "CDC42SE2", "CCS"]
["RAB32", "SMIM4", "GNG8", "CD84", "DLK2", "BLNK", "PRKCG", "LARGE1", "TYROBP", "FLNA"]
["LGALS9C", "SNAP29", "CLCN7", "KDM3B", "C1QB", "COPS8", "AK8", "RAB8B", "TTYH1", "ATF6"]
["IVD", "LSM7", "B4GALNT4", "C11orf1", "RRP7A", "PRKDC", "SMIM30", "PPP1R9B", "MPEG1", "ZDHHC12"]
["GABRG1", "B4GAT1", "RAB34", "ZNF239", "HK2", "RAB35", "MAFG", "KANK1", "SFMBT2", "CPEB2"]
["DCAF4", "TSFM", "ASCC3", "BRF2", "EMC8", "TMSB4X", "FZD2", "ALOX5AP", "LYPLA2", "GIMAP2"]
["ANO2", "BEX2", "SPIN4", "RHOC", "AHCY", "FAM172A", "TNFRSF10B", "INCENP", "USP46", "ABLIM3"]
["CORO1A", "MED27", "JMJD4", "RIMS1", "UQCR11", "PLS3", "LCP1", "SAP130", "DLG4", "ETNPPL"]
["TIMP1", "PALM", "ARHGAP18", "DOCK8", "WWC1", "COG6", "ST5", "KDM1B", "DTNBP1", "DCAF11"]
["DCAF5", "NR0B1", "STARD3NL", "TUBB6", "TNFRSF11A", "ENC1", "CTDSP2", "CMTM3", "SPRN", "RNF11"]
["TFEC", "NPB", "MYO10", "YIPF1", "ALCAM", "CYBB", "TBCB", "FBXO2", "CABYR", "RNASET2"]
["MGAT2", "RWDD3", "ASH2L", "PON3", "C19orf12", "VLDLR", "RTN4R", "METTL6", "PSMA2", "DDN"]
["RPS15", "CACNA1H", "APOPT1", "BAIAP3", "STX12", "MTA3", "TMED9", "XYLT1", "ADRM1", "SNCA"]
["KDELR1", "CHRNB1", "TM7SF2", "LAT2", "PRAM1", "SPATA24", "HES5", "ENO1", "CCDC8", "SPTSSA"]
["PGAM5", "CHST9", "KCNK2", "GLUD1", "ATP9A", "JUP", "PTPRZ1", "HRASLS", "CALR", "ANAPC5"]
["DYRK2", "FKBP10", "EDNRB", "CENPU", "PAK4", "WRB", "KLHL12", "PDK2", "ARPC2", "ZCRB1"]
["RPA2", "PEX10", "GSKIP", "METTL1"]
["FANCL", "TEKT2", "FAM172A", "LPCAT3", "TCAP", "NDN", "PANX2", "GHR", "EXOSC8", "CDH3"]
["CRLS1", "LIG1", "ACVR2A", "DHX58", "TTC8", "KCNA4", "GRIK2", "PNMT", "ST8SIA4", "CHTF18"]
["BTG3", "FAM76A", "NECAB2", "TRAIP", "CMTM8", "FANCG", "GABRE", "NPHP1", "ARHGAP6", "ISG15"]
["CAMK2D", "CALB2", "CTNNB1", "CPNE6", "CREG1", "SOX4", "ACVR2B"]
